﻿"Nr OKW";"Kod TERYT";"Powiat";"Województwo";"Komisje obwodowe otrzymały kart do głosowania";"Liczba wyborców uprawnionych do głosowania";"Nie wykorzystano kart do głosowania";"Liczba wyborców, którym wydano karty do głosowania";"Liczba wyborców głosujących przez pełnomocnika";"Liczba wyborców głosujących na podstawie zaświadczenia o prawie do głosowania";"Liczba wyborców, którym wysłano pakiety wyborcze";"Liczba otrzymanych kopert zwrotnych";"Liczba kopert zwrotnych, w których nie było oświadczenia o osobistym i tajnym oddaniu głosu";"Liczba kopert zwrotnych, w których oświadczenie nie było podpisane";"Liczba kopert zwrotnych, w których nie było koperty na kartę do głosowania";"Liczba kopert zwrotnych, w których znajdowała się niezaklejona koperta na kartę do głosowania";"Liczba kopert na kartę do głosowania wrzuconych do urny";"Liczba kart wyjętych z urny";"W tym liczba kart wyjętych z kopert na kartę do głosowania";"Liczba kart nieważnych";"Liczba kart ważnych";"Liczba głosów nieważnych";"W tym z powodu postawienia znaku „X” obok nazwiska dwóch lub większej liczby kandydatów";"W tym z powodu niepostawienia znaku „X” obok nazwiska żadnego kandydata";"W tym z powodu postawienia znaku „X” wyłącznie obok skreślonego nazwiska kandydata";"Liczba głosów ważnych oddanych łącznie na wszystkich kandydatów";"Robert BIEDROŃ";"Krzysztof BOSAK";"Andrzej Sebastian DUDA";"Szymon Franciszek HOŁOWNIA";"Marek JAKUBIAK";"Władysław Marcin KOSINIAK-KAMYSZ";"Mirosław Mariusz PIOTROWSKI";"Paweł Jan TANAJNO";"Rafał Kazimierz TRZASKOWSKI";"Waldemar Włodzimierz WITKOWSKI";"Stanisław Józef ŻÓŁTEK";"Liczba obwodów"
2;"020100";"bolesławiecki";"dolnośląskie";63490;68554;22570;40920;10;239;315;304;17;0;2;1;284;41201;284;7;41194;159;58;101;0;41035;852;2759;17053;6726;52;633;29;50;12732;52;97;63
4;"020200";"dzierżoniowski";"dolnośląskie";73223;78876;27052;46170;41;206;364;353;13;0;4;4;332;46503;332;4;46499;159;56;103;0;46340;1002;2824;20403;6336;55;687;46;82;14770;46;89;83
3;"020300";"głogowski";"dolnośląskie";62325;67357;20428;41897;15;240;273;262;7;0;1;0;254;42144;254;1;42143;124;38;86;0;42019;980;2499;18568;5969;42;736;44;57;13000;42;82;53
1;"020400";"górowski";"dolnośląskie";24915;27089;10382;14532;18;66;124;119;6;0;0;0;113;14643;113;1;14642;40;11;29;0;14602;292;906;7307;1918;21;378;12;14;3722;10;22;23
2;"020500";"jaworski";"dolnośląskie";36471;39708;13321;23150;29;150;273;266;8;0;1;0;257;23406;257;0;23406;92;35;57;0;23314;479;1528;11139;2607;28;717;27;22;6708;15;44;39
2;"020600";"jeleniogórski";"dolnośląskie";46324;51306;15025;31294;37;1618;309;304;8;1;0;0;295;31591;295;0;31591;110;36;74;0;31481;713;1564;9898;5177;50;570;27;46;13331;48;57;53
2;"020700";"kamiennogórski";"dolnośląskie";32001;34163;12029;19974;26;201;131;127;6;0;0;0;121;20094;121;2;20092;86;22;64;0;20006;418;1096;8278;2755;19;349;19;31;6977;20;44;32
4;"020800";"kłodzki";"dolnośląskie";116720;127323;43384;73338;83;2263;783;760;36;3;4;2;716;74042;716;3;74039;246;75;171;0;73793;1548;4240;30301;10238;95;1574;71;120;25372;86;148;137
3;"020900";"legnicki";"dolnośląskie";39085;42292;13298;25786;23;124;184;167;6;0;4;2;155;25938;155;3;25935;102;29;73;0;25833;470;1726;12585;3012;37;583;24;36;7286;27;47;45
2;"021000";"lubański";"dolnośląskie";39486;42803;14506;24980;12;339;191;188;14;1;0;0;173;25153;173;2;25151;97;38;59;0;25054;534;1278;9978;4397;35;471;17;43;8241;26;34;41
3;"021100";"lubiński";"dolnośląskie";75370;80840;24062;51312;26;236;344;312;10;0;0;0;302;51610;302;2;51608;139;64;75;0;51469;1182;3699;24706;6010;102;854;56;72;14616;49;123;75
2;"021200";"lwówecki";"dolnośląskie";33213;36031;13247;19966;33;194;170;167;4;0;3;0;160;20126;160;0;20126;77;24;53;0;20049;470;1073;8349;3135;41;478;35;34;6388;17;29;39
1;"021300";"milicki";"dolnośląskie";26975;28966;9768;17218;11;141;139;132;7;0;0;0;125;17342;125;4;17338;42;15;27;0;17296;329;1026;8346;2138;17;437;16;19;4912;19;37;27
1;"021400";"oleśnicki";"dolnośląskie";75774;82925;25245;50531;13;317;516;497;14;1;3;3;476;51007;476;10;50997;180;61;119;0;50817;1012;3296;20738;8267;79;1087;39;74;16059;61;105;66
1;"021500";"oławski";"dolnośląskie";54438;58842;15689;38754;31;226;305;286;6;3;5;1;271;39026;271;3;39023;119;34;85;0;38904;901;2784;16446;5447;61;701;47;50;12374;30;63;51
3;"021600";"polkowicki";"dolnośląskie";43766;47773;14896;28871;51;174;163;157;8;0;4;0;145;29015;145;1;29014;101;35;66;0;28913;577;2142;15285;3737;49;617;24;46;6356;24;56;43
1;"021700";"strzeliński";"dolnośląskie";32227;35190;10888;21338;19;85;227;223;13;0;0;0;210;21544;210;3;21541;71;16;55;0;21470;381;1119;10819;2604;34;451;11;25;5945;29;52;39
1;"021800";"średzki";"dolnośląskie";38947;42697;12268;26680;12;142;245;198;7;3;0;2;186;26865;186;6;26859;82;17;65;0;26777;465;2124;11913;3166;41;610;32;34;8289;33;70;36
4;"021900";"świdnicki";"dolnośląskie";109664;122236;35261;74408;85;409;675;655;24;5;13;5;608;75006;608;5;75001;238;78;160;0;74763;1659;4772;30175;10191;105;1292;76;102;26132;90;169;107
1;"022000";"trzebnicki";"dolnośląskie";60394;66749;18194;42199;27;253;346;327;11;0;2;1;313;42512;313;4;42508;143;39;104;0;42365;881;2867;18463;5503;70;916;32;77;13428;45;83;60
4;"022100";"wałbrzyski";"dolnośląskie";40594;43648;15226;25368;39;286;246;238;13;1;8;0;221;25582;221;3;25579;84;25;59;0;25495;611;1414;9184;4136;33;467;17;40;9518;15;60;50
1;"022200";"wołowski";"dolnośląskie";34919;37919;12113;22806;13;117;160;159;7;0;2;0;150;22955;150;1;22954;103;26;77;0;22851;486;1489;10543;3007;31;444;25;24;6720;32;50;33
1;"022300";"wrocławski";"dolnośląskie";103296;114949;21566;81721;39;804;801;764;31;1;14;0;718;82441;718;16;82425;252;89;163;0;82173;1879;5879;28331;12421;163;1735;62;154;31210;128;211;85
4;"022400";"ząbkowicki";"dolnośląskie";47874;51698;18226;29659;54;259;295;289;10;0;5;0;274;29930;274;1;29929;129;52;77;0;29800;526;1508;14355;3358;50;887;26;47;8971;30;42;73
2;"022500";"zgorzelecki";"dolnośląskie";62468;69729;20730;41744;43;359;309;302;19;0;4;0;279;42019;279;3;42016;151;52;99;0;41865;936;2546;17001;6963;73;671;38;52;13453;51;81;82
2;"022600";"złotoryjski";"dolnośląskie";32074;34114;11988;20086;24;110;123;120;1;0;3;2;114;20201;114;2;20199;67;18;49;0;20132;370;993;9129;2866;45;415;17;29;6203;17;48;43
2;"026100";"Jelenia Góra";"dolnośląskie";56958;61184;18272;38685;13;642;339;317;22;0;1;6;289;38975;289;5;38970;139;40;99;0;38831;1082;1945;12048;5198;62;596;47;68;17654;58;73;47
3;"026200";"Legnica";"dolnośląskie";68579;73001;23091;45499;7;259;359;336;12;0;6;2;316;45815;316;15;45800;129;50;79;0;45671;1092;2849;17842;5918;63;758;45;77;16876;54;97;49
1;"026400";"Wrocław";"dolnośląskie";445115;503769;92100;353039;200;4206;4065;3887;87;10;18;25;3766;356759;3762;58;356701;932;392;540;0;355769;13898;25592;99770;51028;714;6381;362;760;154972;946;1346;312
4;"026500";"Wałbrzych";"dolnośląskie";76845;82943;29431;47414;34;339;318;285;4;0;13;0;268;47679;268;6;47673;167;37;130;0;47506;1220;2256;16048;6822;56;715;30;71;20142;63;83;61
7;"040100";"aleksandrowski";"kujawsko-pomorskie";42069;44064;15128;26941;28;871;264;252;10;0;2;0;240;27177;240;2;27175;103;28;75;0;27072;535;1733;12662;3313;33;732;29;37;7922;23;53;56
6;"040200";"brodnicki";"kujawsko-pomorskie";55301;60584;20060;35241;31;313;267;255;28;0;11;0;216;35458;216;2;35456;101;48;53;0;35355;514;2021;16956;5210;60;1295;40;47;9112;30;70;59
5;"040300";"bydgoski";"kujawsko-pomorskie";81584;90096;23105;58479;60;449;456;438;16;0;6;3;414;58891;414;1;58890;149;56;93;0;58741;1421;3540;19107;11444;82;1279;58;81;21507;71;151;103
6;"040400";"chełmiński";"kujawsko-pomorskie";35753;38753;13923;21830;19;81;168;164;6;0;1;0;157;21986;157;1;21985;68;13;55;0;21917;452;1313;9278;3579;37;595;17;20;6568;16;42;47
6;"040500";"golubsko-dobrzyński";"kujawsko-pomorskie";32399;35185;12348;20051;19;122;137;134;29;1;0;2;102;20153;102;1;20152;43;13;30;0;20109;393;1180;10221;2845;32;601;16;28;4735;25;33;32
6;"040600";"grudziądzki";"kujawsko-pomorskie";28418;30786;11802;16616;13;76;106;106;9;0;0;0;97;16713;97;0;16713;45;18;27;0;16668;325;1169;8072;2350;20;543;18;21;4101;20;29;42
5;"040700";"inowrocławski";"kujawsko-pomorskie";115118;124492;41344;73773;60;570;563;542;10;2;2;0;528;74297;528;4;74293;215;96;119;0;74078;1635;4406;29504;10838;107;1941;64;92;25274;87;130;141
7;"040800";"lipnowski";"kujawsko-pomorskie";46898;51702;19386;27512;38;191;183;182;12;1;4;2;164;27678;164;0;27678;111;26;85;0;27567;522;1499;14192;3375;29;1651;30;28;6152;26;63;68
5;"040900";"mogileński";"kujawsko-pomorskie";32558;36292;11518;21041;17;136;99;96;2;0;0;0;94;21134;94;0;21134;79;29;50;0;21055;479;1293;9578;3046;31;851;13;23;5670;21;50;41
5;"041000";"nakielski";"kujawsko-pomorskie";61017;65792;22793;38212;24;224;256;252;23;0;2;0;227;38440;227;2;38438;106;41;65;0;38332;763;2136;16013;6631;54;1093;48;39;11452;30;73;78
7;"041100";"radziejowski";"kujawsko-pomorskie";30243;33043;11529;18714;47;196;165;158;2;0;1;0;155;18868;155;1;18867;83;29;54;0;18784;303;857;10820;2165;31;645;16;20;3874;17;36;51
7;"041200";"rypiński";"kujawsko-pomorskie";31619;34325;12561;19058;37;156;99;97;7;0;0;0;90;19148;90;0;19148;66;18;48;0;19082;369;939;9864;2355;25;610;23;19;4823;23;32;45
5;"041300";"sępoleński";"kujawsko-pomorskie";28815;31263;11200;17614;31;155;90;82;3;1;0;0;78;17693;78;1;17692;44;19;25;0;17648;336;867;7924;2936;24;458;13;21;5011;21;37;42
5;"041400";"świecki";"kujawsko-pomorskie";67888;75224;25057;42829;59;325;258;255;5;0;2;0;248;43069;248;1;43068;148;59;89;0;42920;826;2519;18399;7086;66;1135;31;78;12670;29;81;91
6;"041500";"toruński";"kujawsko-pomorskie";74182;81313;23841;50341;37;244;452;433;29;0;10;0;394;50733;394;4;50729;160;54;106;0;50569;1061;3506;19818;8583;75;1213;41;76;16046;43;107;70
5;"041600";"tucholski";"kujawsko-pomorskie";33912;37661;11203;22709;29;396;163;163;10;0;0;0;153;22862;153;1;22861;57;16;41;0;22804;403;1474;11201;3458;38;610;24;28;5495;28;45;51
6;"041700";"wąbrzeski";"kujawsko-pomorskie";24260;26399;9895;14365;17;57;88;85;7;1;0;0;77;14442;77;0;14442;41;11;30;0;14401;266;1041;6254;1796;21;475;14;22;4446;20;46;29
7;"041800";"włocławski";"kujawsko-pomorskie";62884;69088;24772;38111;70;400;354;334;21;0;0;0;313;38424;313;0;38424;153;51;102;0;38271;737;1867;19821;4705;50;1339;30;53;9568;33;68;80
5;"041900";"żniński";"kujawsko-pomorskie";48325;54403;16516;31808;41;227;239;236;8;0;0;2;226;32032;226;0;32032;103;41;62;0;31929;617;1857;14225;5141;40;988;45;35;8877;36;68;77
5;"046100";"Bydgoszcz";"kujawsko-pomorskie";238951;258368;68144;170814;38;1234;1584;1515;31;2;0;1;1481;172267;1481;9;172258;395;188;207;0;171863;4776;9768;53669;29368;215;2955;159;273;70006;241;433;204
6;"046200";"Grudziądz";"kujawsko-pomorskie";64479;68083;24501;39978;12;187;252;247;10;0;6;0;231;40208;231;0;40208;113;29;84;0;40095;1130;2443;14031;5887;40;798;41;51;15538;48;88;55
6;"046300";"Toruń";"kujawsko-pomorskie";135950;148917;35201;100749;36;924;944;914;19;1;10;0;885;101627;885;15;101612;238;76;162;0;101374;2940;6619;31228;15439;129;1685;96;145;42726;132;235;123
7;"046400";"Włocławek";"kujawsko-pomorskie";78813;84171;28119;50694;33;297;364;355;9;1;9;0;336;51024;336;5;51019;193;60;133;0;50826;1447;2485;17353;7047;71;742;46;72;21388;62;113;68
9;"060100";"bialski";"lubelskie";81393;88236;27918;53475;92;433;403;378;17;0;2;2;357;53832;357;3;53829;205;66;139;0;53624;681;4355;32136;6069;113;1865;96;79;8009;52;169;115
11;"060200";"biłgorajski";"lubelskie";74974;81457;25152;49821;192;353;387;380;13;3;1;0;363;50184;363;3;50181;166;42;124;0;50015;648;4706;32327;3835;97;1720;90;70;6362;34;126;99
10;"060300";"chełmski";"lubelskie";57280;62714;23659;33621;72;189;376;364;19;1;3;0;341;33961;341;3;33958;128;30;98;0;33830;427;2422;21198;3474;64;1111;79;39;4902;33;81;90
11;"060400";"hrubieszowski";"lubelskie";47976;52007;19738;28238;59;249;223;217;10;1;3;2;201;28438;201;0;28438;109;28;81;0;28329;335;1753;17759;2737;53;1002;59;20;4539;16;56;69
8;"060500";"janowski";"lubelskie";33689;37018;9570;24119;140;129;309;302;23;0;7;0;272;24391;272;4;24387;100;32;68;0;24287;259;1734;18226;1310;42;588;116;16;1946;11;39;38
10;"060600";"krasnostawski";"lubelskie";48254;52726;18496;29767;54;162;464;455;15;1;3;0;436;30203;436;0;30203;94;32;62;0;30109;533;2235;18038;2534;49;1214;77;27;5284;31;87;90
8;"060700";"kraśnicki";"lubelskie";70101;75944;23903;46200;121;212;425;401;20;0;3;1;378;46575;378;13;46562;164;59;105;0;46398;765;3329;29492;3972;93;1609;83;55;6876;25;99;86
8;"060800";"lubartowski";"lubelskie";60694;70445;16471;44225;115;273;331;322;10;0;7;1;304;44529;304;1;44528;174;48;126;0;44354;611;3860;27380;4168;93;1529;80;76;6419;33;105;91
8;"060900";"lubelski";"lubelskie";109542;122230;29898;79647;100;451;803;779;31;0;1;2;745;80351;745;3;80348;265;85;180;0;80083;1169;7393;45622;8426;198;3058;145;126;13668;66;212;129
8;"061000";"łęczyński";"lubelskie";39903;44411;12448;27455;17;187;236;228;10;0;1;1;216;27668;216;0;27668;72;23;49;0;27596;319;2943;16119;2889;48;769;55;34;4330;29;61;53
8;"061100";"łukowski";"lubelskie";74381;83026;21129;53254;73;296;402;377;12;0;7;0;358;53608;358;10;53598;217;63;154;0;53381;511;4288;35830;4723;102;1429;107;59;6188;30;114;98
8;"061200";"opolski";"lubelskie";44126;48188;15574;28551;31;171;244;241;17;0;2;0;222;28774;222;0;28774;100;37;63;0;28674;405;2092;18107;2595;53;1147;35;35;4127;17;61;62
9;"061300";"parczewski";"lubelskie";25653;28224;9138;16515;45;139;86;84;6;0;1;0;77;16592;77;0;16592;53;17;36;0;16539;224;1341;9732;1836;31;653;36;40;2601;15;30;38
8;"061400";"puławski";"lubelskie";84998;91564;26009;58989;111;684;673;654;25;1;7;4;617;59591;617;9;59582;193;57;136;0;59389;1147;4760;31611;6473;140;1530;121;84;13292;84;147;97
9;"061500";"radzyński";"lubelskie";42034;47351;13307;28728;53;187;197;187;8;0;1;0;178;28906;178;1;28905;93;38;55;0;28812;335;2295;18466;3030;57;873;64;39;3567;16;70;55
8;"061600";"rycki";"lubelskie";39799;44706;11029;28770;37;215;237;230;16;0;0;0;214;28982;214;1;28981;111;42;69;0;28870;480;1885;17517;3191;48;832;50;31;4742;35;59;69
8;"061700";"świdnicki";"lubelskie";51937;56541;16316;35603;43;166;404;393;8;0;2;0;383;35962;383;13;35949;123;46;77;0;35826;663;2822;19634;3916;67;953;71;48;7529;41;82;53
11;"061800";"tomaszowski";"lubelskie";62284;68120;23815;38468;81;319;470;463;35;0;8;1;419;38887;419;0;38887;131;45;86;0;38756;434;3032;24962;2996;77;1498;58;57;5542;19;81;100
10;"061900";"włodawski";"lubelskie";28985;31831;10354;18632;27;476;161;156;15;0;2;1;138;18760;138;0;18760;87;32;55;0;18673;344;1280;9794;2518;43;760;37;21;3816;20;40;47
11;"062000";"zamojski";"lubelskie";79629;87292;28144;51487;168;585;623;597;26;2;3;1;565;52047;565;9;52038;191;52;139;0;51847;601;3901;34324;4256;110;1780;107;71;6558;31;108;119
9;"066100";"Biała Podlaska";"lubelskie";41388;44122;13106;28292;21;225;204;195;6;1;1;0;187;28480;187;3;28477;70;27;43;0;28407;601;2221;13308;4269;64;665;55;42;7083;26;73;29
10;"066200";"Chełm";"lubelskie";46186;49050;16787;29398;14;206;237;223;4;1;1;0;217;29616;217;0;29616;89;36;53;0;29527;655;2089;13348;3799;58;639;67;54;8723;35;60;36
8;"066300";"Lublin";"lubelskie";238479;262007;64316;174164;80;1455;2107;2034;53;3;9;11;1959;176098;1959;7;176091;406;129;277;0;175685;4263;14413;71730;22346;335;3836;526;274;57134;295;533;208
11;"066400";"Zamość";"lubelskie";46582;50502;16405;30176;23;318;266;255;15;0;0;0;240;30414;240;9;30405;74;24;50;0;30331;600;2254;14574;3625;60;696;54;33;8334;33;68;35
13;"080100";"gorzowski";"lubuskie";49850;54571;16337;33513;18;216;180;180;8;0;0;0;172;33683;172;0;33683;112;29;83;0;33571;777;2296;11262;5581;60;683;22;70;12712;46;62;61
12;"080200";"krośnieński";"lubuskie";39111;42577;14516;24595;23;160;245;242;20;0;4;1;217;24811;217;6;24805;81;17;64;0;24724;480;1353;8361;5683;27;504;14;33;8212;15;42;50
13;"080300";"międzyrzecki";"lubuskie";40047;45954;12709;27338;25;417;264;253;5;0;0;0;249;27586;248;19;27567;107;41;66;0;27460;566;1523;9645;5120;41;696;16;42;9717;38;56;55
12;"080400";"nowosolski";"lubuskie";59748;65718;20225;39524;37;260;280;277;20;0;1;0;256;39764;256;0;39764;146;44;102;0;39618;630;2024;15034;7952;47;786;31;45;12963;36;70;53
13;"080500";"słubicki";"lubuskie";32776;35605;11850;20926;17;239;123;122;5;0;0;0;117;21043;117;1;21042;70;13;57;0;20972;473;1326;6870;3784;25;425;16;34;7963;31;25;35
13;"080600";"strzelecko-drezdenecki";"lubuskie";34669;38407;13118;21551;18;236;132;129;6;0;2;0;121;21672;121;0;21672;64;22;42;0;21608;411;1147;8390;3679;30;563;12;35;7272;25;44;40
13;"080700";"sulęciński";"lubuskie";25031;27376;9357;15674;29;184;234;231;16;2;0;0;213;15887;213;1;15886;63;15;48;0;15823;304;1073;6292;2519;24;406;16;34;5110;19;26;36
12;"080800";"świebodziński";"lubuskie";39824;43255;13642;26181;10;394;136;130;3;0;2;1;124;26306;124;0;26306;77;30;47;0;26229;562;1805;9220;4749;55;626;23;34;9067;34;54;39
12;"080900";"zielonogórski";"lubuskie";53568;58412;17810;35757;26;219;220;200;2;0;1;0;197;35953;197;0;35953;134;42;92;0;35819;712;2415;11979;6674;57;700;29;54;13108;39;52;51
12;"081000";"żagański";"lubuskie";52267;60755;17597;34670;41;227;255;248;23;0;3;3;220;34888;220;2;34886;146;63;83;0;34740;811;1929;14019;6122;43;727;26;75;10882;46;60;57
12;"081100";"żarski";"lubuskie";68696;74117;25770;42926;28;310;291;259;9;6;4;4;236;43161;236;28;43133;136;31;105;0;42997;883;2554;15075;9074;63;746;37;50;14404;47;64;67
12;"081200";"wschowski";"lubuskie";25048;30288;7404;17644;5;283;137;135;9;0;2;2;124;17767;124;4;17763;51;28;23;0;17712;404;1063;8360;2486;34;442;24;16;4824;20;39;32
13;"086100";"Gorzów Wielkopolski";"lubuskie";84856;91547;26161;58702;29;388;365;350;10;1;3;4;332;59027;332;11;59016;177;56;121;0;58839;1428;3828;18331;8803;73;912;58;113;25086;67;140;68
12;"086200";"Zielona Góra";"lubuskie";96927;104944;23845;73087;40;595;534;514;18;1;3;0;493;73542;492;27;73515;178;57;121;0;73337;1972;4407;19056;12364;107;1367;81;121;33574;109;179;76
15;"100100";"bełchatowski";"łódzkie";81487;88016;23260;58227;86;333;383;349;18;2;1;0;330;58555;330;0;58555;181;79;102;0;58374;1179;4877;33460;6649;157;1216;70;92;10422;96;156;72
14;"100200";"kutnowski";"łódzkie";71289;77525;24554;46738;65;231;432;415;16;0;4;0;395;47129;395;2;47127;162;50;112;0;46965;951;2549;25424;4686;54;1149;32;54;11923;54;89;83
14;"100300";"łaski";"łódzkie";36578;40380;10409;26167;25;195;222;220;3;0;1;0;216;26384;216;0;26384;65;21;44;0;26319;502;1785;13398;3424;58;763;28;33;6244;28;56;39
14;"100400";"łęczycki";"łódzkie";37878;41223;13381;24496;25;114;202;195;6;0;0;0;189;24683;189;1;24682;86;29;57;0;24596;378;1374;14637;2543;38;717;24;37;4780;24;44;49
14;"100500";"łowicki";"łódzkie";58313;63265;17784;40527;23;168;333;323;11;0;0;2;310;40833;310;2;40831;144;43;101;0;40687;726;2883;23074;4499;72;1656;29;60;7541;30;117;71
14;"100600";"łódzki wschodni";"łódzkie";52337;57003;12123;40213;34;268;363;350;7;0;1;2;341;40555;341;3;40552;158;45;113;0;40394;868;2901;18029;5675;74;895;41;65;11694;62;90;77
17;"100700";"opoczyński";"łódzkie";54984;60327;14344;40641;42;259;458;448;20;0;10;1;417;41054;417;0;41054;122;40;82;0;40932;441;2607;26973;4477;61;1151;50;52;5010;40;70;73
14;"100800";"pabianicki";"łódzkie";85215;93812;23144;62051;133;422;555;529;12;0;0;3;514;62564;514;7;62557;209;64;145;0;62348;1601;3664;24956;8927;103;1304;134;89;21329;106;135;70
16;"100900";"pajęczański";"łódzkie";35838;41675;9883;25954;71;162;389;376;22;0;9;0;346;26296;346;1;26295;102;41;61;0;26193;469;1630;16140;2807;51;682;25;33;4290;14;52;39
15;"101000";"piotrkowski";"łódzkie";66366;72958;18849;47517;78;339;377;376;12;0;12;1;351;47864;350;1;47863;155;56;99;0;47708;666;3236;30518;4880;89;1399;54;54;6674;39;99;78
14;"101100";"poddębicki";"łódzkie";30408;33760;9521;20889;9;253;179;176;6;0;2;0;168;21056;168;0;21056;88;29;59;0;20968;329;1029;11799;2675;37;897;22;25;4098;18;39;51
15;"101200";"radomszczański";"łódzkie";82980;90583;27475;55494;116;330;482;464;12;0;15;0;438;55933;439;4;55929;198;82;116;0;55731;1109;3240;31031;6132;90;1440;63;87;12348;54;137;89
17;"101300";"rawski";"łódzkie";35085;38593;10993;24089;16;114;131;129;7;0;2;0;120;24210;120;4;24206;92;35;57;0;24114;318;1639;14424;2477;54;973;30;28;4097;19;55;29
16;"101400";"sieradzki";"łódzkie";79181;93573;21017;58178;31;333;685;676;16;2;6;1;651;58810;651;5;58805;215;99;116;0;58590;1126;3525;33070;6626;92;2039;60;73;11761;67;151;94
17;"101500";"skierniewicki";"łódzkie";27297;30338;6920;20377;28;110;185;182;9;0;3;3;167;20544;167;0;20544;77;34;43;0;20467;253;1406;13240;2187;46;760;11;26;2479;21;38;39
17;"101600";"tomaszowski";"łódzkie";83366;90966;23985;59379;31;404;611;579;17;2;1;0;560;59935;560;7;59928;194;54;140;0;59734;1130;3961;31607;7059;89;1700;75;53;13860;64;136;78
16;"101700";"wieluński";"łódzkie";55398;61130;16649;38750;50;247;336;326;13;0;0;0;313;39058;313;2;39056;126;35;91;0;38930;675;2347;21040;5155;69;1361;25;44;8093;39;82;80
16;"101800";"wieruszowski";"łódzkie";28224;33557;7820;20403;15;101;274;263;8;0;0;3;252;20652;252;1;20651;95;34;61;0;20556;329;1502;10951;2801;33;777;22;21;4072;13;35;38
16;"101900";"zduńskowolski";"łódzkie";45219;51683;11953;33265;20;152;257;245;10;0;2;0;233;33496;233;2;33494;84;33;51;0;33410;787;2027;16534;4654;56;727;35;58;8407;53;72;42
14;"102000";"zgierski";"łódzkie";118958;130589;31947;87003;79;559;791;773;44;1;4;1;724;87725;724;3;87722;264;84;180;0;87458;2137;5065;36318;12596;132;1912;64;119;28788;120;207;121
14;"102100";"brzeziński";"łódzkie";22299;24405;6267;16030;43;73;103;103;5;0;0;0;98;16128;98;8;16120;67;17;50;0;16053;258;981;8649;2033;29;637;20;24;3366;20;36;39
14;"106100";"Łódź";"łódzkie";481497;522350;132572;349039;128;2665;3261;3057;35;4;12;1;3009;351974;3009;154;351820;1066;447;619;0;350754;11259;19790;107557;50967;545;5837;315;607;152376;632;869;314
15;"106200";"Piotrków Trybunalski";"łódzkie";52843;56716;16014;36829;23;211;302;289;13;0;2;0;274;37102;274;4;37098;110;35;75;0;36988;944;2190;16078;5360;72;672;48;50;11453;52;69;41
17;"106300";"Skierniewice";"łódzkie";33581;36591;8374;25207;13;125;215;206;5;0;1;0;200;25399;200;2;25397;59;28;31;0;25338;587;1551;10278;4005;42;581;45;40;8104;38;67;27
20;"120100";"bocheński";"małopolskie";74892;82771;18462;56429;37;260;728;704;17;0;1;2;684;57110;684;6;57104;153;52;101;0;56951;697;4423;35473;5336;113;1985;54;58;8640;51;121;76
20;"120200";"brzeski";"małopolskie";66598;72797;20779;45819;27;247;531;516;25;2;2;2;485;46301;485;2;46299;138;33;105;0;46161;539;4365;28629;4145;67;1851;53;43;6352;26;91;70
18;"120300";"chrzanowski";"małopolskie";89730;97642;26121;63610;30;298;821;775;36;1;4;2;732;64331;732;5;64326;180;46;134;0;64146;1439;4412;27663;9017;107;1448;59;97;19662;71;171;89
20;"120400";"dąbrowski";"małopolskie";43070;47058;16628;26442;63;122;300;291;15;2;12;5;257;26697;257;0;26697;99;33;66;0;26598;243;1854;18518;1731;44;1436;14;15;2675;18;50;54
19;"120500";"gorlicki";"małopolskie";78572;86329;25539;53033;47;526;576;561;24;1;1;1;535;53563;535;1;53562;171;66;105;0;53391;634;4164;32537;5215;72;1524;65;65;8967;41;107;93
18;"120600";"krakowski";"małopolskie";195890;217961;45848;150090;87;974;1997;1932;45;5;20;7;1859;151904;1859;41;151863;434;145;289;0;151429;2664;11473;74488;19525;283;4703;140;176;37330;212;435;196
19;"120700";"limanowski";"małopolskie";90448;99826;23987;66461;63;559;968;948;58;0;8;3;879;67338;879;1;67337;214;73;141;0;67123;583;5203;48046;4358;91;1753;54;55;6784;39;157;105
18;"120800";"miechowski";"małopolskie";36508;39891;12403;24105;40;161;303;292;6;0;8;0;278;24382;278;1;24381;74;21;53;0;24307;393;1488;14950;2117;68;1221;30;18;3937;25;60;66
18;"120900";"myślenicki";"małopolskie";84377;98333;16530;67847;43;356;832;819;28;1;14;1;775;68618;773;5;68613;198;65;133;0;68415;763;6024;41649;6745;149;1719;70;64;10976;66;190;84
19;"121000";"nowosądecki";"małopolskie";149431;165575;37103;112338;70;1974;1403;1370;44;2;7;2;1315;113641;1315;4;113637;327;105;222;0;113310;1007;9032;80110;7686;185;2365;123;75;12479;54;194;173
19;"121100";"nowotarski";"małopolskie";137038;149487;46690;90345;101;2013;711;699;30;1;2;3;663;91005;663;1;91004;277;78;199;0;90727;964;7946;58003;8116;145;1694;96;91;13405;79;188;154
18;"121200";"olkuski";"małopolskie";81445;88579;22817;58630;63;282;572;558;13;0;4;2;540;59171;540;5;59166;195;73;122;0;58971;1231;4189;29616;7238;111;1469;37;68;14791;81;140;86
18;"121300";"oświęcimski";"małopolskie";109892;120157;28971;80934;57;321;1063;1036;29;3;7;3;995;81910;994;2;81908;238;84;154;0;81670;1503;5922;38342;10417;130;2197;71;99;22715;96;178;104
18;"121400";"proszowicki";"małopolskie";31411;34882;10691;20718;49;77;161;155;5;0;0;0;150;20871;150;2;20869;67;20;47;0;20802;251;1280;13414;1674;44;1265;18;24;2775;26;31;41
19;"121500";"suski";"małopolskie";60030;66552;18086;41944;18;447;988;961;41;0;1;2;917;42861;917;11;42850;129;43;86;0;42721;515;3799;25732;3808;53;966;39;59;7619;35;96;61
20;"121600";"tarnowski";"małopolskie";140703;158228;42691;98011;72;412;1463;1429;48;2;11;4;1365;99372;1365;3;99369;290;89;201;0;99079;1060;8078;64369;8320;143;4215;102;86;12404;78;224;151
19;"121700";"tatrzański";"małopolskie";49313;56469;12378;36934;29;3375;469;455;16;3;9;2;425;37335;425;19;37316;97;32;65;0;37219;482;2695;20874;4039;56;646;37;38;8243;37;72;54
18;"121800";"wadowicki";"małopolskie";113621;124865;31763;81857;47;465;948;912;28;0;3;2;880;82736;880;6;82730;243;76;167;0;82487;1094;6274;43893;10597;118;2116;84;115;17912;83;201;106
18;"121900";"wielicki";"małopolskie";87014;99191;18634;68376;29;376;747;724;20;3;3;4;695;69084;695;2;69082;181;58;123;0;68901;1089;5582;32399;9281;129;2870;82;84;17132;72;181;82
18;"126100";"Kraków";"małopolskie";550911;606178;122506;428441;272;5153;5862;5683;107;8;15;14;5549;433798;5515;124;433674;897;375;522;0;432777;15292;32690;137775;65841;929;11866;417;678;164340;1081;1868;447
19;"126200";"Nowy Sącz";"małopolskie";59114;63724;16519;42593;16;244;444;423;23;2;16;3;379;42966;378;3;42963;98;43;55;0;42865;697;3493;22116;4303;91;903;56;33;11011;41;121;53
20;"126300";"Tarnów";"małopolskie";80787;86573;26132;54655;69;328;705;680;19;3;4;2;652;55306;652;4;55302;118;44;74;0;55184;1090;4217;23856;6525;89;2271;62;75;16801;59;139;74
25;"140100";"białobrzeski";"mazowieckie";22840;26594;5154;17686;33;173;131;124;11;0;3;0;110;17795;110;2;17793;78;12;66;0;17715;184;988;11884;1515;36;478;17;27;2539;14;33;24
22;"140200";"ciechanowski";"mazowieckie";64664;70546;21926;42740;47;241;354;347;5;0;1;1;340;43080;340;2;43078;132;45;87;0;42946;755;2684;23786;4153;194;1611;33;48;9565;39;78;58
26;"140300";"garwoliński";"mazowieckie";77608;84867;18850;58769;111;397;390;382;25;0;6;0;351;59119;351;4;59115;241;67;174;0;58874;574;4307;38391;5709;137;1593;72;55;7844;46;146;102
24;"140400";"gostyniński";"mazowieckie";33286;36289;11517;21769;57;133;158;153;7;0;0;0;146;21915;146;1;21914;94;28;66;0;21820;346;1137;12636;2193;26;662;16;32;4712;21;39;49
21;"140500";"grodziski";"mazowieckie";60632;73006;8262;52349;52;548;516;496;29;1;13;0;453;52803;454;10;52793;166;47;119;0;52627;1175;3162;19658;8076;126;1242;58;85;18843;79;123;51
25;"140600";"grójecki";"mazowieckie";68484;78084;17423;51060;65;377;417;406;10;0;6;0;390;51449;390;5;51444;181;51;130;0;51263;769;3318;27764;5762;135;2749;51;63;10482;46;124;76
25;"140700";"kozienicki";"mazowieckie";40142;49227;8315;31827;62;270;284;277;5;0;1;0;271;32096;270;2;32094;125;49;76;0;31969;430;2145;19518;2786;58;826;40;41;6035;24;66;55
21;"140800";"legionowski";"mazowieckie";73814;90166;8730;65081;49;687;626;609;17;1;2;1;588;65662;588;24;65638;190;59;131;0;65448;1516;3609;23893;9208;169;1300;90;131;25252;106;174;63
25;"140900";"lipski";"mazowieckie";23812;28006;7876;15932;31;127;125;122;4;0;2;0;116;16047;116;0;16047;60;21;39;0;15987;207;991;10339;1405;21;642;14;11;2307;21;29;42
26;"141000";"łosicki";"mazowieckie";23075;25147;7660;15413;28;161;92;89;6;0;0;0;83;15496;83;0;15496;54;15;39;0;15442;206;1219;10237;1205;41;609;25;22;1828;11;39;33
23;"141100";"makowski";"mazowieckie";32429;35843;10464;21964;60;215;152;148;8;0;2;0;140;22104;140;1;22103;84;13;71;0;22019;251;1377;14064;1924;39;721;21;12;3543;21;46;49
26;"141200";"miński";"mazowieckie";107786;118907;25624;82161;29;581;873;835;34;1;7;5;788;82939;788;19;82920;291;63;228;0;82629;1384;5615;40832;12003;192;2065;118;103;19964;102;251;104
22;"141300";"mławski";"mazowieckie";51262;56572;17724;33529;37;204;182;175;13;2;0;0;160;33685;160;6;33679;145;39;106;0;33534;454;2197;19190;3453;72;1064;37;32;6941;28;66;52
21;"141400";"nowodworski";"mazowieckie";52370;62147;11639;40732;54;367;249;243;4;0;2;2;235;40968;235;19;40949;138;55;83;0;40811;746;2410;18894;5561;91;1009;39;55;11848;61;97;52
23;"141500";"ostrołęcki";"mazowieckie";63495;69907;21927;41568;86;268;234;227;11;0;1;0;215;41784;215;2;41782;161;50;111;0;41621;386;3160;27293;4135;75;1278;47;70;5069;22;86;90
23;"141600";"ostrowski";"mazowieckie";52922;57827;16453;36469;127;299;263;256;11;0;4;2;239;36707;238;0;36707;121;39;82;0;36586;473;2411;23356;3294;70;1016;28;41;5804;28;65;74
21;"141700";"otwocki";"mazowieckie";82208;95597;13212;68996;15;669;795;759;25;2;5;2;725;69716;725;4;69712;259;84;175;0;69453;1180;4809;31668;9970;156;1511;103;84;19693;85;194;86
21;"141800";"piaseczyński";"mazowieckie";119283;139530;17017;102281;67;1384;1196;1116;33;3;11;2;1067;103325;1067;24;103301;384;83;301;0;102917;2385;6158;35102;15339;249;2079;101;148;40932;179;245;109
24;"141900";"płocki";"mazowieckie";80037;87889;27562;52474;81;245;398;390;20;1;1;3;365;52836;365;5;52831;214;54;160;0;52617;787;3203;30657;5448;105;2723;27;66;9461;35;105;112
22;"142000";"płoński";"mazowieckie";62819;69724;21998;40830;53;409;292;282;5;0;0;0;277;41097;277;3;41094;167;51;116;0;40927;522;2329;23452;4242;92;1323;55;49;8746;33;84;77
21;"142100";"pruszkowski";"mazowieckie";107338;125563;13972;93358;41;961;1101;1066;25;0;2;6;1033;94388;1033;28;94360;230;78;152;0;94130;2249;5423;33046;13954;206;1898;140;174;36589;197;254;83
22;"142200";"przasnyski";"mazowieckie";36616;40926;12518;24098;45;158;138;135;3;0;2;0;130;24225;130;1;24224;100;33;67;0;24124;327;1643;15008;2054;63;850;25;24;4067;22;41;61
25;"142300";"przysuski";"mazowieckie";30144;34325;7813;22330;115;235;268;258;10;0;3;1;244;22574;244;0;22574;111;43;68;0;22463;210;1425;16202;1457;35;800;19;16;2244;10;45;37
23;"142400";"pułtuski";"mazowieckie";36342;40949;11049;25292;45;249;235;232;13;1;0;0;218;25510;218;11;25499;143;44;99;0;25356;461;1549;14703;2412;62;1155;25;26;4892;17;54;51
25;"142500";"radomski";"mazowieckie";101470;119598;25066;76404;90;324;640;622;23;0;2;1;596;76995;596;3;76992;310;94;216;0;76682;961;5346;49835;6943;137;1955;61;93;11182;55;114;114
26;"142600";"siedlecki";"mazowieckie";58386;64258;16227;42158;20;229;325;316;14;1;5;0;296;42455;296;23;42432;161;36;125;0;42271;496;3558;29316;3021;77;1283;55;39;4321;27;78;68
24;"142700";"sierpecki";"mazowieckie";37403;40895;13485;23918;89;156;163;157;13;0;0;0;144;24061;144;0;24061;82;26;56;0;23979;322;1373;14146;2756;40;815;25;27;4414;16;45;52
24;"142800";"sochaczewski";"mazowieckie";59317;65495;17310;42009;61;257;305;286;9;1;2;1;273;42279;273;5;42274;140;53;87;0;42134;729;2760;21490;5098;75;1171;42;46;10568;45;110;64
26;"142900";"sokołowski";"mazowieckie";39921;43964;11131;28790;46;272;239;238;13;0;0;1;224;29013;223;3;29010;106;35;71;0;28904;318;1883;18571;2494;62;1103;43;44;4297;27;62;49
25;"143000";"szydłowiecki";"mazowieckie";28462;31374;9279;19184;26;86;202;201;8;0;1;2;190;19374;190;0;19374;89;23;66;0;19285;254;1631;12757;1541;44;399;10;17;2584;17;31;30
21;"143200";"warszawski zachodni";"mazowieckie";74890;90717;8587;66293;21;787;826;790;48;0;5;1;736;67019;738;32;66987;209;79;130;0;66778;1457;4186;25188;9471;132;1336;78;106;24530;124;170;67
26;"143300";"węgrowski";"mazowieckie";47973;53097;13647;34336;36;363;297;286;9;0;0;0;277;34613;277;3;34610;145;36;109;0;34465;433;2503;21228;3542;55;916;61;43;5590;27;67;57
21;"143400";"wołomiński";"mazowieckie";155733;185964;25110;130629;66;1167;1226;1169;25;0;5;0;1141;131722;1141;38;131684;450;130;320;0;131234;2351;9543;62107;18529;320;2549;173;234;34898;180;350;148
23;"143500";"wyszkowski";"mazowieckie";51803;58794;13371;38430;85;408;230;226;10;0;0;1;216;38643;216;0;38643;130;44;86;0;38513;474;3062;22303;4237;64;1097;44;43;7096;23;70;64
25;"143600";"zwoleński";"mazowieckie";25976;29088;8363;17613;24;101;208;205;5;0;0;0;200;17813;200;1;17812;65;18;47;0;17747;238;1065;11944;1489;29;642;20;12;2268;14;26;37
22;"143700";"żuromiński";"mazowieckie";27223;30947;9068;18156;42;126;134;134;8;0;1;0;125;18280;125;1;18279;79;21;58;0;18200;277;814;10756;1912;31;864;15;14;3471;15;31;29
24;"143800";"żyrardowski";"mazowieckie";53060;58288;14452;38612;24;267;295;289;21;2;5;0;261;38868;261;3;38865;117;41;76;0;38748;767;2477;18361;5130;102;835;46;62;10803;47;118;62
23;"146100";"Ostrołęka";"mazowieckie";35615;39716;10376;25240;14;171;172;155;0;0;1;0;154;25394;154;0;25394;60;24;36;0;25334;420;2039;12330;3452;55;541;29;39;6337;26;66;29
24;"146200";"Płock";"mazowieckie";84629;91792;24599;60030;35;302;284;270;2;0;0;2;266;60289;266;3;60286;151;53;98;0;60135;1330;3646;24639;7504;110;1445;57;78;21115;101;110;70
25;"146300";"Radom";"mazowieckie";146590;158298;42690;103896;42;511;965;888;29;1;4;4;850;104736;850;8;104728;315;106;209;0;104413;1969;7899;49401;12113;188;1942;104;158;30263;162;214;114
26;"146400";"Siedlce";"mazowieckie";54408;58736;14662;39744;5;251;349;326;21;0;2;2;303;40047;303;1;40046;115;32;83;0;39931;763;3415;19332;4676;88;1080;71;58;10268;59;121;43
21;"146501";"Warszawa";"mazowieckie";1220296;1378929;206551;1013730;446;15980;13770;13214;302;40;67;28;12785;1026311;12777;389;1025922;2541;1058;1483;0;1023381;35930;57180;275418;138496;2441;18195;1154;1757;486876;2973;2961;771
21;"149800";"statki";"mazowieckie";468;379;99;369;0;15;0;0;0;0;0;0;0;369;0;0;369;0;0;0;0;369;15;72;50;65;6;17;0;1;140;1;2;7
21;"149900";"zagranica";"mazowieckie";42109;374372;12723;26884;0;578;343241;297582;11400;211;483;345;285193;311789;284900;385;311404;280;98;182;0;311124;14316;27316;64904;48775;598;3274;224;564;149735;942;476;167
27;"160100";"brzeski";"opolskie";63571;69283;22236;41336;30;190;371;355;16;0;11;0;328;41666;328;0;41666;131;46;85;0;41535;800;2704;19032;5744;82;973;41;66;11953;54;86;77
27;"160200";"głubczycki";"opolskie";32855;36389;12358;20498;39;183;194;187;2;0;4;0;181;20678;181;1;20677;102;34;68;0;20575;319;1278;11213;2052;35;419;31;31;5135;19;43;54
27;"160300";"kędzierzyńsko-kozielski";"opolskie";66615;71799;27587;39008;14;151;369;353;8;0;2;0;343;39345;343;3;39342;131;45;86;0;39211;816;2466;13876;7436;64;771;43;47;13537;62;93;62
27;"160400";"kluczborski";"opolskie";46606;51506;18516;28088;48;136;251;247;3;0;3;0;241;28331;241;2;28329;95;30;65;0;28234;431;1810;12084;4119;51;749;30;40;8814;41;65;63
27;"160500";"krapkowicki";"opolskie";45644;49729;20805;24839;24;123;270;257;21;0;4;1;231;25070;231;1;25069;68;19;49;0;25001;427;1674;8709;5612;34;586;32;27;7821;28;51;51
27;"160600";"namysłowski";"opolskie";30851;33759;10578;20273;10;85;138;127;5;0;2;0;120;20393;120;0;20393;52;16;36;0;20341;368;1304;9498;2816;35;550;20;26;5674;18;32;56
27;"160700";"nyski";"opolskie";94816;108902;32888;61928;59;400;771;763;21;1;3;1;737;62651;737;1;62650;195;64;131;0;62455;1056;3402;30791;8474;89;1297;39;74;17073;49;111;120
27;"160800";"oleski";"opolskie";43849;51615;16295;27554;33;157;285;278;6;0;5;0;267;27820;267;0;27820;110;37;73;0;27710;397;1558;12449;5548;53;821;33;38;6712;30;71;55
27;"160900";"opolski";"opolskie";88924;97962;37372;51555;51;312;419;412;17;0;1;0;394;51948;394;2;51946;167;50;117;0;51779;831;3045;18135;10271;70;1521;63;96;17570;70;107;113
27;"161000";"prudnicki";"opolskie";39874;43176;16564;23311;18;116;246;242;12;0;2;0;228;23539;228;0;23539;89;25;64;0;23450;377;1468;11306;3832;31;493;22;29;5828;21;43;69
27;"161100";"strzelecki";"opolskie";51183;59975;21036;30146;15;124;314;303;20;1;0;0;282;30429;282;0;30429;129;37;92;0;30300;487;1940;11985;6084;49;645;34;35;8937;33;71;72
27;"166100";"Opole";"opolskie";91200;98295;25870;65341;34;521;654;630;15;1;2;1;611;65940;611;25;65915;155;64;91;0;65760;1730;4012;17474;10621;109;1321;52;113;30071;111;146;79
29;"180100";"bieszczadzki";"podkarpackie";16235;18401;5911;10328;14;600;103;100;2;0;0;1;97;10425;97;0;10425;18;12;6;0;10407;213;787;5053;1320;14;366;7;14;2590;17;26;30
29;"180200";"brzozowski";"podkarpackie";47885;52216;15946;31942;104;183;302;296;11;3;2;2;278;32219;278;6;32213;75;19;56;0;32138;301;2750;23180;2160;49;611;36;20;2956;16;59;59
28;"180300";"dębicki";"podkarpackie";96611;106202;27979;68634;69;311;742;718;20;0;5;1;692;69305;691;4;69301;191;66;125;0;69110;746;6183;44315;5862;120;1757;92;51;9787;54;143;109
30;"180400";"jarosławski";"podkarpackie";80933;95841;23042;57893;71;295;943;909;30;5;28;2;844;58719;839;3;58716;174;44;130;0;58542;606;4984;38489;4559;68;1655;46;54;7960;35;86;113
29;"180500";"jasielski";"podkarpackie";84164;91300;29029;55135;58;294;646;622;28;1;2;3;589;55724;589;4;55720;152;57;95;0;55568;702;4652;36715;3989;104;1347;64;42;7813;46;94;121
31;"180600";"kolbuszowski";"podkarpackie";45688;49375;15880;29812;43;100;333;323;4;0;3;0;316;30128;316;0;30128;99;34;65;0;30029;300;2893;20837;2149;63;715;24;35;2926;18;69;64
29;"180700";"krośnieński";"podkarpackie";82039;89997;25659;56378;84;789;657;637;23;1;8;5;601;56981;601;2;56979;151;51;100;0;56828;897;5096;36210;5091;106;1331;53;49;7809;42;144;106
28;"180800";"leżajski";"podkarpackie";50635;54771;16341;34323;63;150;357;348;17;0;10;0;321;34644;321;0;34644;93;32;61;0;34551;315;3408;24257;2371;62;639;54;28;3352;12;53;54
30;"180900";"lubaczowski";"podkarpackie";37092;44809;11168;25928;35;237;251;232;10;0;0;0;222;26148;222;5;26143;89;25;64;0;26054;324;2022;16751;2308;38;972;20;18;3539;24;38;60
28;"181000";"łańcucki";"podkarpackie";57277;63390;14562;42717;23;194;548;537;9;0;1;5;522;43231;522;8;43223;120;40;80;0;43103;432;4139;27983;4158;69;1103;57;47;5004;23;88;55
31;"181100";"mielecki";"podkarpackie";97727;106436;29967;67744;57;276;788;747;16;1;9;1;720;68458;720;13;68445;208;76;132;0;68237;931;5666;41803;6229;130;2079;86;81;11012;55;165;117
31;"181200";"niżański";"podkarpackie";49386;53254;18549;30837;32;129;341;322;34;0;3;4;281;31119;281;3;31116;119;37;82;0;30997;366;3056;20628;2329;64;702;44;29;3685;31;63;71
30;"181300";"przemyski";"podkarpackie";47745;59198;12735;35010;37;251;405;383;3;1;11;2;366;35377;366;2;35375;127;50;77;0;35248;348;2812;23240;3036;43;1000;44;34;4609;23;59;96
30;"181400";"przeworski";"podkarpackie";49313;62898;10043;39273;92;170;631;465;17;1;10;0;437;39681;434;1;39680;122;32;90;0;39558;388;3314;26607;2879;60;1522;34;26;4645;23;60;72
28;"181500";"ropczycko-sędziszowski";"podkarpackie";53293;58346;14458;38834;67;153;313;304;21;1;6;1;275;39110;275;3;39107;123;40;83;0;38984;368;3589;27138;2895;72;1016;49;34;3733;30;60;69
28;"181600";"rzeszowski";"podkarpackie";120133;132442;30354;89779;97;376;920;883;28;8;9;3;835;90596;833;6;90590;258;89;169;0;90332;943;9198;57559;8739;182;2198;96;115;11016;70;216;126
29;"181700";"sanocki";"podkarpackie";68879;74624;24779;44098;61;381;346;326;17;0;8;2;299;44389;299;2;44387;111;42;69;0;44276;826;3333;25183;4924;84;1216;49;47;8477;34;103;72
31;"181800";"stalowowolski";"podkarpackie";77142;82686;27649;49493;49;237;560;548;16;1;1;1;529;50022;529;0;50022;151;49;102;0;49871;752;4960;28791;4378;79;918;56;60;9716;35;126;82
28;"181900";"strzyżowski";"podkarpackie";44957;49057;14463;30494;24;154;368;359;17;0;4;0;338;30830;338;2;30828;99;33;66;0;30729;318;3046;20355;2894;64;739;35;40;3161;22;55;64
31;"182000";"tarnobrzeski";"podkarpackie";37414;42749;11701;25713;37;123;235;232;14;0;3;0;215;25926;215;0;25926;58;17;41;0;25868;327;2147;16345;2340;28;752;20;33;3765;24;87;49
29;"182100";"leski";"podkarpackie";22604;24686;7100;15505;29;1844;143;142;4;0;0;0;138;15642;138;0;15642;41;14;27;0;15601;276;1149;8269;1815;34;442;11;15;3543;13;34;31
29;"186100";"Krosno";"podkarpackie";34101;36602;10466;23635;24;181;271;263;14;0;1;0;248;23884;248;3;23881;46;17;29;0;23835;775;1971;11102;2681;53;518;29;24;6602;30;50;28
30;"186200";"Przemyśl";"podkarpackie";44401;47555;16540;27863;34;186;364;333;13;1;2;0;317;28180;317;4;28176;93;34;59;0;28083;514;2040;13261;3245;47;582;31;39;8240;33;51;39
28;"186300";"Rzeszów";"podkarpackie";122184;151140;19422;102761;44;754;1241;1204;32;12;8;2;1151;103895;1152;6;103889;252;89;163;0;103637;2345;10381;41906;15677;276;2555;140;160;29713;134;350;98
31;"186400";"Tarnobrzeg";"podkarpackie";34197;36713;11400;22795;11;131;248;243;8;0;1;0;234;23028;234;0;23028;55;26;29;0;22973;489;1774;10126;2714;38;552;24;27;7136;31;62;34
34;"200100";"augustowski";"podlaskie";42272;46661;15865;26408;53;897;210;205;10;0;0;0;195;26597;195;2;26595;90;28;62;0;26505;403;1835;13981;3566;46;694;32;33;5822;22;71;44
32;"200200";"białostocki";"podlaskie";107687;117980;33823;73912;66;462;870;846;33;0;5;2;806;74712;806;3;74709;232;63;169;0;74477;956;5969;37644;13667;165;1254;77;105;14406;48;186;123
32;"200300";"bielski";"podlaskie";41096;44517;15711;25387;92;176;215;203;10;0;4;0;189;25577;189;0;25577;73;17;56;0;25504;415;1395;13130;5286;36;518;31;20;4615;18;40;50
33;"200400";"grajewski";"podlaskie";32104;37232;12036;20068;24;205;171;165;4;0;3;0;158;20225;158;0;20225;52;17;35;0;20173;212;1496;12117;2320;30;617;17;32;3289;11;32;43
32;"200500";"hajnowski";"podlaskie";32160;36325;12365;19793;21;499;101;100;2;0;1;0;97;19890;97;7;19883;63;18;45;0;19820;604;1215;6177;5773;30;452;29;21;5456;17;46;47
33;"200600";"kolneński";"podlaskie";26161;30364;9515;16646;12;90;149;149;5;0;0;0;144;16789;144;0;16789;56;17;39;0;16733;161;1345;11446;1357;19;549;18;11;1787;12;28;41
33;"200700";"łomżyński";"podlaskie";33492;40716;10087;23406;60;159;168;163;13;1;0;0;149;23554;149;3;23551;88;26;62;0;23463;182;1857;16087;2107;50;562;19;20;2521;12;46;53
32;"200800";"moniecki";"podlaskie";29860;32664;12527;17333;41;203;126;121;9;0;4;2;106;17439;106;20;17419;62;18;44;0;17357;174;1304;10851;2199;30;455;10;26;2268;8;32;33
34;"200900";"sejneński";"podlaskie";14930;16847;6265;8665;25;432;121;119;1;0;0;1;117;8782;117;2;8780;15;6;9;0;8765;156;565;3965;1328;21;321;14;16;2348;14;17;21
32;"201000";"siemiatycki";"podlaskie";33929;36379;14182;19747;66;266;97;91;7;0;0;0;84;19829;84;0;19829;67;24;43;0;19762;325;1514;10692;2652;39;690;33;27;3721;26;43;48
34;"201100";"sokólski";"podlaskie";49478;53920;20196;29282;47;203;299;295;7;0;4;0;284;29566;284;0;29566;98;23;75;0;29468;326;2311;17061;4206;38;691;21;23;4698;23;70;63
34;"201200";"suwalski";"podlaskie";24904;29087;8236;16668;75;497;69;67;1;0;0;0;66;16734;66;2;16732;72;17;55;0;16660;256;1292;9225;2178;27;507;19;40;3063;14;39;38
33;"201300";"wysokomazowiecki";"podlaskie";40760;45561;12015;28745;39;209;273;268;4;0;2;0;262;29006;262;0;29006;106;40;66;0;28900;249;1953;20605;2361;43;780;31;22;2781;16;59;60
33;"201400";"zambrowski";"podlaskie";32437;34813;11768;20669;38;81;131;121;2;0;0;1;118;20787;118;0;20787;77;18;59;0;20710;206;1509;13079;1988;25;553;25;24;3247;14;40;45
32;"206100";"Białystok";"podlaskie";200508;218318;55369;145128;63;946;1497;1450;34;12;3;2;1399;146506;1400;13;146493;380;130;250;0;146113;3117;12302;55948;32712;307;1982;160;240;38727;199;419;185
33;"206200";"Łomża";"podlaskie";43557;46436;15870;27687;11;134;286;275;8;0;0;0;267;27953;267;1;27952;80;31;49;0;27872;410;2241;14235;3685;64;506;35;34;6583;30;49;32
34;"206300";"Suwałki";"podlaskie";49199;52507;17879;31320;40;294;230;218;3;0;5;4;206;31537;206;0;31537;102;23;79;0;31435;594;2720;13870;4703;54;550;31;53;8744;34;82;38
36;"220100";"bytowski";"pomorskie";47550;60497;12454;35096;31;614;172;167;12;0;0;0;155;35249;155;1;35248;125;37;88;0;35123;839;2273;15375;5232;46;791;23;42;10412;27;63;66
36;"220200";"chojnicki";"pomorskie";61801;73910;16150;45654;32;677;391;379;15;1;9;0;354;46006;354;3;46003;143;47;96;0;45860;851;2909;20959;6972;55;951;54;58;12926;34;91;68
36;"220300";"człuchowski";"pomorskie";37590;44168;13054;24536;17;261;110;107;3;0;0;0;104;24639;104;1;24638;110;46;64;0;24528;553;1449;9596;3898;34;657;28;39;8199;31;44;57
35;"220400";"gdański";"pomorskie";78206;86663;21477;56725;25;461;344;327;6;0;4;0;317;57045;317;7;57038;159;49;110;0;56879;1227;3911;16617;10189;106;1107;63;101;23368;67;123;59
36;"220500";"kartuski";"pomorskie";86378;101600;18125;68265;26;994;406;391;22;1;0;0;368;68626;368;4;68622;197;61;136;0;68425;1041;4302;30442;12408;97;1294;79;86;18479;72;125;75
36;"220600";"kościerski";"pomorskie";47266;55655;11564;35695;27;841;333;328;19;7;1;0;301;35994;301;0;35994;113;39;74;0;35881;582;2157;16571;6477;32;795;34;38;9087;30;78;48
35;"220700";"kwidzyński";"pomorskie";57803;62014;22555;35248;28;177;196;188;5;0;0;0;183;35431;183;10;35421;146;41;105;0;35275;854;2391;14296;4934;57;736;32;53;11808;46;68;67
36;"220800";"lęborski";"pomorskie";45451;50713;13588;31861;22;1730;186;176;15;1;0;0;161;32016;161;2;32014;103;33;70;0;31911;889;2069;11256;5159;51;595;33;32;11736;31;60;46
35;"220900";"malborski";"pomorskie";44411;48187;16817;27593;53;140;217;209;15;1;1;3;189;27780;189;1;27779;79;25;54;0;27700;649;1628;9348;4820;31;593;22;32;10493;27;57;37
35;"221000";"nowodworski";"pomorskie";28746;31410;9435;19314;4;2702;114;112;6;0;0;0;106;19409;106;0;19409;63;20;43;0;19346;462;1100;6564;3027;33;482;19;21;7580;29;29;30
36;"221100";"pucki";"pomorskie";73460;81231;15271;58189;17;10273;280;268;8;2;0;2;256;58445;256;0;58445;189;66;123;0;58256;1300;3419;18943;10914;93;1107;40;83;22174;73;110;53
36;"221200";"słupski";"pomorskie";65470;77312;21350;44121;62;2957;245;243;16;1;1;0;225;44340;224;1;44339;134;42;92;0;44205;1556;2319;16131;6005;61;1170;40;85;16727;50;61;88
35;"221300";"starogardzki";"pomorskie";87670;96166;30444;57234;47;591;414;404;22;0;2;3;377;57597;377;17;57580;194;55;139;0;57386;1069;3435;27377;8698;90;1429;72;89;14958;56;113;94
35;"221400";"tczewski";"pomorskie";78679;85712;27542;51134;33;193;390;369;34;0;0;1;334;51470;334;3;51467;145;47;98;0;51322;1029;3659;20737;8565;71;1095;39;71;15854;64;138;75
36;"221500";"wejherowski";"pomorskie";139566;159724;33981;105589;39;1659;771;737;19;2;7;3;706;106261;706;21;106240;329;102;227;0;105911;2425;7712;37862;18298;178;1919;137;162;36858;131;229;105
35;"221600";"sztumski";"pomorskie";29450;32613;12412;17037;10;75;117;112;3;1;0;0;108;17144;108;0;17144;81;27;54;0;17063;454;820;7112;2642;22;427;16;20;5499;17;34;41
35;"226100";"Gdańsk";"pomorskie";321182;363842;63090;258113;80;4323;2352;2266;46;4;10;5;2201;260269;2201;80;260189;603;272;331;0;259586;7998;15805;65172;41939;374;4040;284;461;122183;533;797;199
36;"226200";"Gdynia";"pomorskie";169323;187271;35517;133828;69;1863;1404;1357;40;1;11;6;1301;135103;1299;26;135077;356;166;190;0;134721;4150;8133;33709;20951;171;1997;137;239;64632;247;355;118
36;"226300";"Słupsk";"pomorskie";63959;68033;21348;42608;4;337;375;362;14;1;1;0;347;42921;346;10;42911;109;34;75;0;42802;1603;2424;13943;5261;65;883;37;45;18403;59;79;47
35;"226400";"Sopot";"pomorskie";27023;29701;5264;21769;35;1335;367;347;6;0;0;2;339;22073;339;5;22068;56;25;31;0;22012;624;1063;5159;3001;35;332;21;38;11630;47;62;24
37;"240100";"będziński";"śląskie";105733;116986;30363;75372;61;429;745;714;15;1;1;2;695;76067;695;9;76058;181;71;110;0;75877;2322;4623;26845;11439;117;1560;78;100;28485;110;198;99
38;"240200";"bielski";"śląskie";114517;127736;26236;88280;67;627;1228;1176;27;7;14;5;1123;89386;1124;3;89383;202;62;140;0;89181;1631;6822;38535;14269;136;1808;116;123;25482;97;162;93
38;"240300";"cieszyński";"śląskie";127692;139013;37406;90170;66;1450;1891;1843;76;1;75;1;1690;91807;1690;8;91799;240;92;148;0;91559;1958;6866;36439;17559;143;1828;113;140;26198;99;216;124
39;"240400";"częstochowski";"śląskie";97790;109190;27672;70125;65;430;552;534;26;0;8;2;500;70623;500;2;70621;256;71;185;0;70365;1338;4475;35276;9868;94;2032;75;85;16882;82;158;120
37;"240500";"gliwicki";"śląskie";80689;88063;27319;53370;33;291;622;607;17;1;4;2;583;53953;583;4;53949;182;67;115;0;53767;958;4133;22660;9542;88;1052;66;83;15000;69;116;76
39;"240600";"kłobucki";"śląskie";60019;68569;16857;43162;60;263;398;387;12;1;6;0;368;43530;368;0;43530;132;50;82;0;43398;784;2697;21501;6486;72;1645;38;73;9940;39;123;64
39;"240700";"lubliniecki";"śląskie";55495;61206;19780;35715;34;216;468;456;16;0;5;0;435;36148;435;3;36145;127;42;85;0;36018;609;2283;17102;6179;65;753;54;74;8774;39;86;60
38;"240800";"mikołowski";"śląskie";67098;74708;17266;49835;48;204;1015;984;55;0;38;6;889;50722;889;3;50719;139;56;83;0;50580;911;3820;20394;8658;115;921;54;126;15387;68;126;63
39;"240900";"myszkowski";"śląskie";50530;57052;14817;35713;47;301;404;379;23;0;2;0;354;36066;354;3;36063;100;45;55;0;35963;743;2337;17739;4963;48;862;31;57;9067;38;78;56
38;"241000";"pszczyński";"śląskie";76635;83774;19687;56960;10;189;1095;1057;33;0;16;1;1008;57962;1008;5;57957;169;54;115;0;57788;990;4666;29063;8336;124;1214;74;82;13026;57;156;74
38;"241100";"raciborski";"śląskie";74993;82838;30111;44878;15;188;652;621;37;2;12;2;568;45447;568;2;45445;142;54;88;0;45303;846;3509;19108;7802;72;846;63;56;12841;54;106;68
38;"241200";"rybnicki";"śląskie";53427;59491;15995;37432;18;74;735;712;27;4;15;1;666;38095;666;3;38092;113;50;63;0;37979;517;3193;19477;5398;46;609;43;65;8512;38;81;48
37;"241300";"tarnogórski";"śląskie";99754;109016;30816;68936;31;334;1031;1000;21;1;16;5;958;69888;955;37;69851;194;68;126;0;69657;1295;4503;28537;11656;127;1302;88;103;21790;86;170;85
37;"241400";"bieruńsko-lędziński";"śląskie";41342;45665;10920;30420;35;104;469;448;15;1;5;0;427;30845;427;1;30844;102;43;59;0;30742;529;2481;16190;4112;61;526;43;59;6626;34;81;41
38;"241500";"wodzisławski";"śląskie";107307;119895;33113;71907;28;277;4524;4384;169;21;57;9;4162;76054;4165;58;75996;182;76;106;0;75814;1120;6699;37022;10689;129;1317;86;106;18414;90;142;100
37;"241600";"zawierciański";"śląskie";87078;95306;26656;60422;57;454;584;566;14;5;8;7;532;60954;532;0;60954;158;54;104;0;60796;1308;3870;29087;7742;88;1651;34;109;16684;68;155;108
38;"241700";"żywiecki";"śląskie";100731;121023;20982;79729;89;1151;1275;1256;35;4;8;2;1207;80936;1207;2;80934;265;86;179;0;80669;1258;6077;44818;9231;159;1417;87;104;17273;67;178;106
38;"246100";"Bielsko-Biała";"śląskie";104532;129895;15838;88708;54;654;1048;1015;32;3;9;3;983;89640;981;25;89615;189;65;124;0;89426;2015;6049;33075;14208;164;1431;116;140;31893;137;198;76
37;"246200";"Bytom";"śląskie";108380;116784;41500;66873;32;363;592;568;17;1;3;1;546;67415;546;4;67411;237;84;153;0;67174;1822;4603;25749;10942;103;1251;77;111;22239;111;166;81
37;"246300";"Chorzów";"śląskie";72763;78477;25495;47259;28;200;543;517;23;1;7;1;485;47737;485;3;47734;179;45;134;0;47555;1358;3364;15629;7972;40;803;60;93;18011;82;143;63
39;"246400";"Częstochowa";"śląskie";157608;170655;45070;112534;67;725;1076;1018;20;1;2;1;996;113509;996;3;113506;280;106;174;0;113226;2970;6800;42963;16021;185;2057;118;177;41522;158;255;135
37;"246500";"Dąbrowa Górnicza";"śląskie";85669;92329;26029;59642;21;304;443;423;16;1;0;2;404;60038;404;11;60027;147;65;82;0;59880;1876;3593;21068;9084;90;1087;54;74;22686;118;150;67
37;"246600";"Gliwice";"śląskie";124753;134493;36473;88280;57;648;935;889;14;0;8;0;867;89139;867;7;89132;276;89;187;0;88856;2169;6634;28425;14415;147;1645;100;145;34795;151;230;116
38;"246700";"Jastrzębie-Zdrój";"śląskie";61921;67082;20974;40937;20;154;1044;1009;23;4;31;7;944;41883;944;5;41878;118;52;66;0;41760;846;3502;21181;5525;75;600;38;54;9782;49;108;38
37;"246800";"Jaworzno";"śląskie";64492;70175;20355;44135;45;196;464;445;16;2;7;0;420;44553;419;16;44537;134;52;82;0;44403;1166;3639;17364;6843;67;837;29;52;14254;52;100;48
37;"246900";"Katowice";"śląskie";204129;222973;55094;149028;83;1221;1598;1491;35;8;22;0;1426;150446;1425;21;150425;382;148;234;0;150043;4493;9370;48486;22649;236;2815;165;266;60860;277;426;169
37;"247000";"Mysłowice";"śląskie";50856;55472;15152;35703;10;174;324;295;9;1;0;2;283;35983;283;3;35980;107;48;59;0;35873;1004;2485;14999;5320;67;627;31;68;11137;41;94;40
37;"247100";"Piekary Śląskie";"śląskie";38697;41937;12645;26052;29;104;234;233;9;0;4;1;219;26271;219;3;26268;105;34;71;0;26163;553;1588;11924;4129;28;402;31;36;7371;34;67;32
37;"247200";"Ruda Śląska";"śląskie";95483;103534;32711;62771;44;214;505;485;38;0;3;0;444;63217;444;3;63214;166;50;116;0;63048;1464;4694;26652;10781;104;1058;70;91;17867;110;157;79
38;"247300";"Rybnik";"śląskie";95637;103615;29669;65965;6;202;941;898;27;2;5;1;863;66823;863;5;66818;184;74;110;0;66634;1131;5472;28912;9766;110;1070;90;137;19707;72;167;70
37;"247400";"Siemianowice Śląskie";"śląskie";46621;49940;14615;32006;18;212;272;255;8;0;0;0;247;32250;247;5;32245;100;28;72;0;32145;897;2257;11146;5494;48;580;29;56;11500;58;80;41
37;"247500";"Sosnowiec";"śląskie";144388;155198;45465;98922;60;507;657;608;8;1;5;1;593;99513;593;1;99512;260;105;155;0;99252;3172;6040;34564;14087;129;1722;87;147;38883;201;220;107
37;"247600";"Świętochłowice";"śląskie";33487;36685;12365;21122;5;60;184;173;4;0;1;0;168;21289;168;0;21289;93;30;63;0;21196;544;1497;8304;3494;25;347;22;45;6834;33;51;27
37;"247700";"Tychy";"śląskie";88561;95529;23740;64829;33;336;738;716;21;1;5;0;690;65510;690;3;65507;185;72;113;0;65322;1634;4782;24926;10238;133;1171;67;111;21985;90;185;66
37;"247800";"Zabrze";"śląskie";117029;125352;48357;68672;46;385;513;495;18;1;3;0;473;69144;473;0;69144;277;83;194;0;68867;1997;5113;25258;11162;93;1298;74;149;23430;111;182;90
38;"247900";"Żory";"śląskie";42027;46008;12410;29615;11;87;448;429;19;0;16;1;393;30009;393;1;30008;89;35;54;0;29919;577;2474;13003;5110;37;481;28;38;8056;27;88;23
40;"260100";"buski";"świętokrzyskie";53766;58960;18545;35220;96;778;265;255;9;1;1;0;244;35464;244;1;35463;107;38;69;0;35356;515;2011;21533;3185;60;1512;21;32;6410;19;58;64
40;"260200";"jędrzejowski";"świętokrzyskie";62753;69195;20403;42350;90;283;368;357;14;6;2;0;341;42691;341;1;42690;115;48;67;0;42575;567;2617;27279;3657;55;1546;36;25;6699;35;59;75
40;"260300";"kazimierski";"świętokrzyskie";25343;27945;10540;14803;33;75;176;170;7;1;0;0;162;14964;162;1;14963;24;10;14;0;14939;189;826;9511;1140;7;944;10;10;2274;8;20;31
40;"260400";"kielecki";"świętokrzyskie";151337;168192;43714;107632;174;568;777;751;16;0;6;3;726;108344;728;3;108341;357;127;230;0;107984;1464;8893;66262;10607;207;2935;135;127;17034;71;249;184
40;"260500";"konecki";"świętokrzyskie";60357;65677;19917;40440;80;354;291;281;8;0;1;0;272;40712;272;0;40712;153;67;86;0;40559;850;2637;24468;3713;65;1195;48;45;7432;36;70;75
40;"260600";"opatowski";"świętokrzyskie";38276;42751;13594;24682;36;127;229;221;1;1;0;0;219;24901;219;1;24900;112;39;73;0;24788;395;1347;16296;2015;34;1215;26;37;3347;15;61;56
40;"260700";"ostrowiecki";"świętokrzyskie";81097;86476;31459;49636;86;265;522;508;13;1;3;0;492;50131;493;1;50130;148;51;97;0;49982;1126;3142;25530;5667;74;1163;47;70;12996;69;98;78
40;"260800";"pińczowski";"świętokrzyskie";30206;33167;11127;19079;35;165;157;148;5;0;5;1;137;19215;137;0;19215;64;17;47;0;19151;288;1128;11810;1592;30;783;12;6;3444;19;39;35
40;"260900";"sandomierski";"świętokrzyskie";57439;63188;19961;37478;127;276;260;256;4;1;0;0;251;37729;251;0;37729;117;45;72;0;37612;628;2627;20900;3454;59;2392;38;40;7373;29;72;62
40;"261000";"skarżyski";"świętokrzyskie";55970;59676;18984;36986;79;187;356;342;4;2;3;2;331;37316;331;1;37315;122;43;79;0;37193;735;2668;18180;4386;64;735;47;40;10206;39;93;60
40;"261100";"starachowicki";"świętokrzyskie";65702;71283;22638;43064;51;228;633;599;22;0;5;2;571;43617;571;3;43614;116;42;74;0;43498;766;3317;22983;5181;81;861;42;52;10116;35;64;65
40;"261200";"staszowski";"świętokrzyskie";53504;58660;18299;35205;66;146;251;248;7;0;2;1;238;35425;238;1;35424;137;50;87;0;35287;519;2159;23173;3049;58;1140;36;18;5059;23;53;70
40;"261300";"włoszczowski";"świętokrzyskie";33177;36881;10064;23113;59;160;136;130;16;0;0;0;114;23227;114;2;23225;91;24;67;0;23134;394;1693;14814;1995;41;954;21;23;3133;20;46;39
40;"266100";"Kielce";"świętokrzyskie";139270;149357;38195;101037;25;541;878;840;8;0;7;0;825;101853;825;20;101833;251;95;156;0;101582;2292;7479;41013;12742;183;2119;95;143;35147;137;232;95
42;"280100";"bartoszycki";"warmińsko-mazurskie";43402;46017;19575;23827;55;190;72;69;9;0;0;2;58;23886;58;2;23884;94;18;76;0;23790;432;1438;10230;3400;31;551;18;39;7573;26;52;44
42;"280200";"braniewski";"warmińsko-mazurskie";27927;32780;11321;16606;32;106;114;110;12;1;0;0;97;16703;97;0;16703;69;12;57;0;16634;319;977;6912;2836;13;480;16;26;5006;19;30;37
42;"280300";"działdowski";"warmińsko-mazurskie";44400;51149;15473;28927;48;234;75;75;2;0;1;0;72;28997;72;6;28991;113;34;79;0;28878;493;1611;14372;4628;45;792;20;30;6817;24;46;55
42;"280400";"elbląski";"warmińsko-mazurskie";36291;44528;13409;22882;15;193;157;157;0;0;0;0;157;23035;157;0;23035;86;27;59;0;22949;388;1381;9901;3470;39;676;16;19;6994;23;42;43
41;"280500";"ełcki";"warmińsko-mazurskie";55370;68161;19757;35614;22;581;328;315;7;0;2;2;306;35917;306;0;35917;147;45;102;0;35770;694;3035;14924;5520;65;803;51;64;10482;35;97;53
41;"280600";"giżycki";"warmińsko-mazurskie";39285;47507;11947;27358;24;2296;184;179;9;1;1;0;168;27514;168;1;27513;85;28;57;0;27428;529;1664;9550;4276;47;723;34;45;10467;36;57;48
42;"280700";"iławski";"warmińsko-mazurskie";62989;72130;21332;41657;17;593;310;302;3;1;0;1;297;41952;297;1;41951;141;38;103;0;41810;883;3056;19178;5495;80;1043;40;67;11835;57;76;65
41;"280800";"kętrzyński";"warmińsko-mazurskie";44797;49381;19246;25551;18;260;194;188;8;1;0;1;178;25729;178;0;25729;88;35;53;0;25641;600;1551;10401;3813;39;730;28;41;8371;23;44;58
42;"280900";"lidzbarski";"warmińsko-mazurskie";26878;32181;9737;17132;17;214;108;104;7;0;4;0;93;17223;93;0;17223;53;13;40;0;17170;354;1146;6953;2247;24;463;17;19;5898;23;26;34
41;"281000";"mrągowski";"warmińsko-mazurskie";35581;41025;11976;23604;30;1335;111;109;7;0;0;0;102;23706;102;1;23705;92;21;71;0;23613;466;1628;8807;3823;37;575;14;41;8160;25;37;43
41;"281100";"nidzicki";"warmińsko-mazurskie";22964;25649;9044;13920;10;186;116;115;3;0;4;0;108;14028;108;0;14028;61;13;48;0;13967;235;931;7010;1657;27;346;11;12;3700;13;25;30
42;"281200";"nowomiejski";"warmińsko-mazurskie";27665;33886;8209;19457;10;180;97;94;3;2;0;0;91;19545;91;3;19542;60;18;42;0;19482;296;1126;10683;2297;28;801;31;24;4134;19;43;33
41;"281300";"olecki";"warmińsko-mazurskie";23902;25984;10584;13319;13;193;98;93;4;0;0;0;89;13408;89;0;13408;48;7;41;0;13360;232;951;6246;2044;22;318;11;25;3478;8;25;33
41;"281400";"olsztyński";"warmińsko-mazurskie";84810;100609;26578;58232;29;1098;343;327;20;0;0;0;307;58544;306;19;58525;239;60;179;0;58286;1390;4302;20581;8898;127;1489;52;100;21173;66;108;133
42;"281500";"ostródzki";"warmińsko-mazurskie";66729;81215;21143;45585;34;880;246;244;8;0;2;0;234;45812;234;4;45808;183;49;134;0;45625;1041;2704;17608;7277;71;1084;46;57;15592;56;89;81
41;"281600";"piski";"warmińsko-mazurskie";40171;45360;15659;24512;53;1397;92;85;5;0;1;0;79;24590;79;0;24590;85;18;67;0;24505;374;1925;12153;2853;31;605;18;38;6456;14;38;44
41;"281700";"szczycieński";"warmińsko-mazurskie";50711;56739;19051;31659;32;1200;194;185;6;0;4;0;175;31832;175;2;31830;121;26;95;0;31709;655;2064;14573;4086;58;913;22;48;9186;54;50;68
41;"281800";"gołdapski";"warmińsko-mazurskie";18729;20989;8151;10578;14;315;89;89;1;0;0;0;88;10666;88;0;10666;34;10;24;0;10632;212;596;4257;1955;18;213;9;15;3330;10;17;24
41;"281900";"węgorzewski";"warmińsko-mazurskie";16811;18693;6598;10213;16;569;36;31;2;0;0;0;29;10240;29;0;10240;31;13;18;0;10209;207;621;3863;1542;17;307;18;15;3583;12;24;26
42;"286100";"Elbląg";"warmińsko-mazurskie";78848;88963;24635;54212;28;294;335;322;12;0;2;1;307;54507;307;0;54507;174;61;113;0;54333;1341;3164;19753;8285;84;1022;44;82;20374;78;106;62
41;"286200";"Olsztyn";"warmińsko-mazurskie";118759;129389;31642;87118;62;856;615;595;13;0;1;0;582;87675;582;27;87648;247;87;160;0;87401;2884;6494;25976;13196;159;1755;109;152;36313;134;229;101
47;"300100";"chodzieski";"wielkopolskie";33484;36639;10289;23197;36;121;114;108;1;0;1;0;106;23295;105;0;23295;62;16;46;0;23233;500;1202;7652;4679;29;751;23;23;8290;37;47;36
47;"300200";"czarnkowsko-trzcianecki";"wielkopolskie";61414;67022;21064;40349;26;292;303;294;4;0;0;0;290;40636;290;2;40634;103;34;69;0;40531;711;2158;15526;7667;42;1172;43;61;13007;76;68;61
45;"300300";"gnieźnieński";"wielkopolskie";102391;111842;31773;70616;47;361;536;522;22;2;2;2;494;71114;494;12;71102;179;78;101;0;70923;1669;4194;28005;13141;105;1576;69;87;21802;105;170;92
46;"300400";"gostyński";"wielkopolskie";53120;59097;17828;35292;15;114;392;383;7;0;1;1;374;35646;374;1;35645;107;42;65;0;35538;631;3382;16834;4998;61;1086;28;44;8344;57;73;58
43;"300500";"grodziski";"wielkopolskie";35792;39446;11531;24261;17;117;206;196;3;2;0;0;191;24451;191;1;24450;69;27;42;0;24381;455;1669;10701;4476;33;726;25;27;6176;39;54;30
44;"300600";"jarociński";"wielkopolskie";50267;55265;16220;34047;14;137;281;271;6;3;1;1;260;34303;260;5;34298;77;40;37;0;34221;629;1926;16621;5421;47;936;30;49;8430;56;76;37
44;"300700";"kaliski";"wielkopolskie";59383;65992;19144;40240;40;162;409;395;23;1;14;0;359;40597;359;1;40596;134;49;85;0;40462;675;2575;23495;4373;64;1509;47;49;7557;34;84;62
44;"300800";"kępiński";"wielkopolskie";34376;43931;10326;24050;25;208;4184;4089;195;0;36;9;3850;27898;3849;2;27896;63;21;42;0;27833;390;1548;12603;5009;52;709;22;42;7371;25;62;43
45;"300900";"kolski";"wielkopolskie";62994;68504;21815;41179;34;251;316;312;17;1;0;1;294;41472;294;2;41470;153;52;101;0;41317;599;2295;24767;4264;58;1191;45;44;7944;32;78;62
45;"301000";"koniński";"wielkopolskie";91291;102822;28147;63142;77;509;476;455;16;0;2;3;434;63575;434;3;63572;195;74;121;0;63377;1033;3507;37896;7745;87;1348;42;77;11456;63;123;96
46;"301100";"kościański";"wielkopolskie";56591;61592;18202;38385;7;153;306;302;17;0;0;0;285;38670;284;2;38668;145;49;96;0;38523;735;2257;15930;6629;69;1137;29;60;11504;76;97;53
44;"301200";"krotoszyński";"wielkopolskie";54224;59765;18161;36063;30;152;388;383;11;0;0;0;372;36431;372;1;36430;83;39;44;0;36347;594;2404;17464;5342;44;1304;37;58;8967;50;83;45
46;"301300";"leszczyński";"wielkopolskie";39008;44172;11418;27590;3;280;187;180;1;0;0;0;179;27769;179;0;27769;81;24;57;0;27688;613;2015;11461;5007;58;839;24;48;7535;24;64;39
43;"301400";"międzychodzki";"wielkopolskie";26129;28860;8815;17313;12;210;123;118;2;0;0;0;116;17427;116;0;17427;49;12;37;0;17378;412;899;6128;3043;16;574;25;17;6187;47;30;22
43;"301500";"nowotomyski";"wielkopolskie";52427;57649;15197;37227;17;177;182;179;0;0;3;0;176;37402;176;1;37401;108;50;58;0;37293;762;2334;13247;7425;56;978;44;54;12255;66;72;49
43;"301600";"obornicki";"wielkopolskie";40615;44787;12206;28409;4;157;186;183;2;1;0;0;180;28587;180;3;28584;91;35;56;0;28493;593;1604;10007;5115;42;916;18;27;10065;37;69;46
44;"301700";"ostrowski";"wielkopolskie";115183;126259;34742;80451;63;310;582;566;13;1;9;0;543;80992;546;0;80992;202;84;118;0;80790;1439;5761;35064;12081;138;2150;82;98;23712;99;166;110
44;"301800";"ostrzeszowski";"wielkopolskie";39275;43597;12649;26626;13;147;392;380;25;1;0;2;352;26975;352;0;26975;99;32;67;0;26876;408;1852;12700;3947;28;943;39;40;6814;44;61;55
47;"301900";"pilski";"wielkopolskie";95023;102980;30524;64499;47;492;465;440;22;0;5;0;413;64911;413;5;64906;167;61;106;0;64739;1482;4065;23251;11471;108;1548;71;87;22421;105;130;82
44;"302000";"pleszewski";"wielkopolskie";44567;49030;14218;30351;34;119;324;318;16;0;4;1;297;30649;299;1;30648;92;47;45;0;30556;469;1845;15259;4099;55;1051;28;29;7637;32;52;54
43;"302100";"poznański";"wielkopolskie";268777;298919;51310;217447;108;1569;2022;1948;54;0;10;12;1873;219287;1874;52;219235;510;210;300;0;218725;5143;12082;57729;43352;303;4455;214;313;94156;464;514;206
46;"302200";"rawicki";"wielkopolskie";43235;47097;14889;28346;18;127;144;132;5;0;0;0;127;28473;127;0;28473;97;39;58;0;28376;595;1788;12261;4488;60;977;36;47;8034;31;59;43
45;"302300";"słupecki";"wielkopolskie";43416;47415;14816;28612;29;322;165;159;6;0;0;0;153;28765;153;1;28764;72;26;46;0;28692;541;1343;14925;3627;38;1028;24;43;7041;26;56;42
43;"302400";"szamotulski";"wielkopolskie";65750;71492;19756;45992;61;265;321;313;9;0;2;1;301;46293;301;1;46292;142;50;92;0;46150;993;2535;16024;8868;63;1156;40;58;16264;78;71;55
45;"302500";"średzki";"wielkopolskie";41164;45268;12227;28937;4;113;188;180;0;0;0;0;180;29115;179;3;29112;89;34;55;0;29023;554;2086;11719;5552;47;849;29;34;8030;56;67;39
45;"302600";"śremski";"wielkopolskie";42834;46979;13415;29418;13;95;196;194;10;1;0;1;182;29597;181;2;29595;75;34;41;0;29520;654;1891;11815;5362;60;744;29;46;8806;42;71;36
45;"302700";"turecki";"wielkopolskie";60894;66172;20112;40781;39;175;311;299;14;0;0;0;285;41051;285;0;41051;129;50;79;0;40922;623;2352;23786;4992;50;939;22;57;8003;33;65;58
47;"302800";"wągrowiecki";"wielkopolskie";48995;53451;16306;32685;21;164;201;192;6;1;1;0;184;32866;184;0;32866;94;33;61;0;32772;708;1803;13070;5797;52;1156;28;44;9997;55;62;47
43;"302900";"wolsztyński";"wielkopolskie";39927;43966;11292;28637;17;359;111;109;5;1;0;4;99;28731;99;0;28731;94;38;56;0;28637;428;2054;11316;5226;34;951;29;54;8446;39;60;41
45;"303000";"wrzesiński";"wielkopolskie";54565;59780;16309;38264;23;124;282;265;12;1;1;1;250;38511;250;1;38510;104;47;57;0;38406;794;2406;16576;6042;50;1011;31;44;11318;49;85;52
47;"303100";"złotowski";"wielkopolskie";49123;53441;18889;30235;23;246;201;197;15;0;0;0;182;30416;182;3;30413;86;38;48;0;30327;632;1836;11748;5374;46;901;44;48;9597;52;49;48
44;"306100";"Kalisz";"wielkopolskie";70692;75674;20872;49809;20;317;330;321;12;0;1;0;308;50113;308;2;50111;124;48;76;0;49987;1418;2910;17522;6745;74;947;52;71;20056;65;127;55
45;"306200";"Konin";"wielkopolskie";53661;57663;16088;37573;2;212;213;211;0;0;0;0;211;37780;211;2;37778;86;34;52;0;37692;928;2000;15627;5311;49;673;42;44;12891;44;83;47
46;"306300";"Leszno";"wielkopolskie";44480;47675;12663;31817;18;154;249;242;12;0;1;0;229;32044;229;4;32040;91;25;66;0;31949;1001;2306;9004;5154;28;675;25;61;13580;68;47;34
43;"306400";"Poznań";"wielkopolskie";372039;411900;74793;297305;115;3190;3361;3160;65;44;20;10;3024;300291;3024;210;300081;691;291;400;0;299390;11389;17483;68806;51285;397;5228;282;513;142110;1040;857;251
49;"320100";"białogardzki";"zachodniopomorskie";30033;35937;10508;19525;14;115;176;168;7;0;8;0;153;19676;153;0;19676;87;33;54;0;19589;522;982;7574;3211;22;378;17;21;6809;15;38;35
49;"320200";"choszczeński";"zachodniopomorskie";28827;37495;8830;19997;24;215;113;106;7;0;0;0;99;20094;99;3;20091;84;27;57;0;20007;406;1047;8622;3063;21;552;13;18;6216;16;33;37
49;"320300";"drawski";"zachodniopomorskie";37879;44945;12967;24912;30;463;137;135;8;0;4;0;123;25032;123;0;25032;96;21;75;0;24936;516;1382;9637;4089;27;593;28;44;8562;20;38;51
48;"320400";"goleniowski";"zachodniopomorskie";58466;64496;20756;37710;26;274;247;239;9;1;1;0;228;37931;228;0;37931;187;55;132;0;37744;1011;2175;13986;6606;58;836;30;60;12866;45;71;51
48;"320500";"gryficki";"zachodniopomorskie";49397;53020;17566;31830;34;4622;246;241;9;0;2;2;228;32049;228;1;32048;135;45;90;0;31913;673;1463;11964;5414;47;685;32;31;11509;36;59;45
48;"320600";"gryfiński";"zachodniopomorskie";57265;63040;20996;36271;24;248;280;262;15;0;4;0;243;36510;243;2;36508;146;50;96;0;36362;780;2197;15400;5734;55;748;36;56;11237;43;76;62
48;"320700";"kamieński";"zachodniopomorskie";38900;42147;12623;26278;9;4065;193;189;10;0;2;0;177;26450;177;0;26450;86;26;60;0;26364;648;1157;9156;3916;48;586;24;42;10728;24;35;43
49;"320800";"kołobrzeski";"zachodniopomorskie";64756;69538;19163;45594;35;6749;284;268;14;0;8;1;245;45805;245;1;45804;120;39;81;0;45684;1256;2135;15539;7239;58;909;28;79;18318;53;70;53
49;"320900";"koszaliński";"zachodniopomorskie";47545;56805;12246;35303;24;4324;166;155;13;0;0;0;142;35434;142;3;35431;135;38;97;0;35296;918;1854;12575;6004;58;882;38;37;12820;45;65;62
48;"321000";"myśliborski";"zachodniopomorskie";46482;50528;18215;28267;31;176;180;169;6;0;1;0;162;28424;162;3;28421;103;41;62;0;28318;576;1939;11127;4159;30;577;21;40;9753;37;59;53
48;"321100";"policki";"zachodniopomorskie";53365;58878;13722;39644;25;408;334;327;7;0;4;0;316;39959;316;4;39955;109;34;75;0;39846;1069;2434;11413;6810;76;701;22;88;17097;47;89;43
48;"321200";"pyrzycki";"zachodniopomorskie";28018;30559;10615;17403;20;95;132;128;10;2;0;0;116;17519;116;2;17517;65;18;47;0;17452;331;961;8792;2502;27;500;15;28;4256;18;22;27
49;"321300";"sławieński";"zachodniopomorskie";41682;48089;12904;28778;23;3551;195;182;6;0;2;4;170;28948;170;2;28946;104;30;74;0;28842;861;1508;11204;4073;44;823;20;42;10206;21;40;45
48;"321400";"stargardzki";"zachodniopomorskie";83121;91677;27244;55881;57;368;493;475;22;4;3;0;447;56323;447;36;56287;211;68;143;0;56076;1299;3441;21274;8917;88;1117;39;106;19657;51;87;75
49;"321500";"szczecinecki";"zachodniopomorskie";47988;59472;14851;33137;33;510;322;319;20;0;2;1;296;33430;296;0;33430;105;27;78;0;33325;818;2095;13398;4556;56;681;32;58;11543;31;57;51
49;"321600";"świdwiński";"zachodniopomorskie";31513;36391;12114;19398;26;343;140;130;6;2;1;0;121;19519;121;0;19519;83;25;58;0;19436;461;900;8107;2877;16;540;17;30;6435;20;33;37
49;"321700";"wałecki";"zachodniopomorskie";31182;40574;8027;23153;20;244;129;127;16;0;1;0;110;23256;110;4;23252;85;28;57;0;23167;606;1251;8189;3978;38;508;28;26;8470;24;49;37
48;"321800";"łobeski";"zachodniopomorskie";24552;28082;9996;14556;13;145;124;120;14;0;0;0;106;14662;106;2;14660;66;23;43;0;14594;308;633;6126;2407;25;470;10;18;4567;12;18;29
49;"326100";"Koszalin";"zachodniopomorskie";71015;81709;17638;53356;22;519;598;582;30;2;0;2;549;53890;549;8;53882;157;53;104;0;53725;1625;2763;15975;8671;93;990;37;92;23262;77;140;53
48;"326200";"Szczecin";"zachodniopomorskie";265563;294599;68791;196776;104;1637;1800;1713;38;3;11;3;1660;198432;1659;42;198390;508;177;331;0;197882;6353;11903;60954;29940;295;3288;201;372;83695;380;501;207
48;"326300";"Świnoujście";"zachodniopomorskie";30005;32985;8468;21535;17;1691;125;118;4;0;1;0;113;21646;111;0;21646;51;16;35;0;21595;625;1192;6316;3091;29;371;22;34;9852;26;37;27
