symbol_kontrolny,okw_nr,teryt_kod,typ_gminy,numer_obwodu,typ_obszaru,typ_obwodu,siedziba,gmina,powiat,wojewodztwo,karty_otrzymane,wyborcy_uprawnieni,karty_niewykorzystane,wyborcy_ktorym_wydano_karty,wyborcy_z_pelnomocnikiem,wyborcy_z_zaswiadczeniem,wyborcy_wysylkowe_pakiety,koperty_otrzymane,koperty_bez_oswiadczenia,ilosc_kopert_bez_podpisanego_oswiadczenia,koperty_bez_karty,koperty_niezaklejona_koperta_z_glosem,koperty_wrzucone_do_urny,karty_z_urny,karty_z_kopert,karty_niewazne,karty_wazne,glosy_niewazne,glosy_niewazne_wiele_x,glosy_niewazne_brak_x,glosy_niewazne_x_obok,glosy_niewazne_proc,glosy_niewazne_wiele_x_proc,glosy_niewazne_brak_x_proc,glosy_niewazne_x_obok_proc,glosy_wazne_proc,glosy_wazne,wynik_biedron,wynik_bosak,wynik_duda,wynik_holownia,wynik_jakubiak,wynik_kosiniak,wynik_piotrowski,wynik_tanajno,wynik_trzaskowski,wynik_witkowski,wynik_zoltek,wynik_biedron_proc,wynik_bosak_proc,wynik_duda_proc,wynik_holownia_proc,wynik_jakubiak_proc,wynik_kosiniak_proc,wynik_piotrowski_proc,wynik_tanajno_proc,wynik_trzaskowski_proc,wynik_witkowski_proc,wynik_zoltek_proc
9924-e2c7-444e-4601-e5ef-60b9-f73d-d8ba,2,20101,gmina miejska,1,miasto,stały,Szkoła Podstawowa Nr 3; ul. Ceramiczna 5; 59-700 Bolesławiec,m. Bolesławiec,bolesławiecki,dolnośląskie,1432,1553,455,977,0,4,6,6,0,0,0,0,6,983,6,0,983,1,0,1,0,0.101729399796541,0,0.101729399796541,0,99.8982706002035,982,19,70,367,164,2,15,1,3,338,1,2,1.93482688391039,7.12830957230143,37.3727087576375,16.7006109979633,0.203665987780041,1.52749490835031,0.10183299389002,0.305498981670061,34.4195519348269,0.10183299389002,0.203665987780041
9219-f878-5ef7-3ad1-a3c7-d301-7c41-1eed,2,20101,gmina miejska,2,miasto,stały,Szkoła Podstawowa Nr 3; ul. Ceramiczna 5; 59-700 Bolesławiec,m. Bolesławiec,bolesławiecki,dolnośląskie,1239,1346,330,909,0,5,10,10,0,0,0,0,10,919,10,0,919,0,0,0,0,0,0,0,0,100,919,17,62,311,136,2,15,3,3,365,1,4,1.84983677910773,6.74646354733406,33.8411316648531,14.7986942328618,0.217627856365615,1.63220892274211,0.326441784548422,0.326441784548422,39.7170837867247,0.108813928182807,0.43525571273123
d0a4-75ae-b6b2-687c-05c7-7425-1924-887c,2,20101,gmina miejska,3,miasto,stały,Szkoła Podstawowa Nr 5; ul. Dolne Młyny 60; 59-700 Bolesławiec,m. Bolesławiec,bolesławiecki,dolnośląskie,1256,1414,358,898,0,5,6,6,0,0,0,0,6,904,6,0,904,2,0,2,0,0.221238938053097,0,0.221238938053097,0,99.7787610619469,902,19,66,326,176,0,9,0,0,300,1,5,2.10643015521064,7.31707317073171,36.1419068736142,19.5121951219512,0,0.997782705099778,0,0,33.2594235033259,0.110864745011086,0.554323725055432
4e0f-2556-4a20-4e58-4172-f050-8658-3425,2,20101,gmina miejska,4,miasto,stały,Szkoła Podstawowa Nr 5; ul. Dolne Młyny 60; 59-700 Bolesławiec,m. Bolesławiec,bolesławiecki,dolnośląskie,1328,1413,372,956,0,3,6,6,0,0,0,0,6,962,6,0,962,1,1,0,0,0.103950103950104,0.103950103950104,0,0,99.8960498960499,961,18,75,329,159,2,12,2,0,363,0,1,1.87304890738814,7.80437044745057,34.2351716961498,16.5452653485952,0.208116545265349,1.24869927159209,0.208116545265349,0,37.7731529656608,0,0.104058272632674
29a2-2044-ee58-5a3e-aabf-8b5e-0fdd-049b,2,20101,gmina miejska,5,miasto,stały,Szkoła Podstawowa Nr 5; ul. Dolne Młyny 60; 59-700 Bolesławiec,m. Bolesławiec,bolesławiecki,dolnośląskie,1256,1360,421,835,0,7,6,5,0,0,0,0,5,840,5,0,840,2,2,0,0,0.238095238095238,0.238095238095238,0,0,99.7619047619048,838,13,52,304,125,5,9,1,0,326,2,1,1.55131264916468,6.20525059665871,36.2768496420048,14.9164677804296,0.596658711217184,1.07398568019093,0.119331742243437,0,38.9021479713604,0.238663484486873,0.119331742243437
c853-bad5-b00a-4c61-4215-2342-ec5b-4c4d,2,20101,gmina miejska,6,miasto,stały,Szkoła Podstawowa Nr 2; ul. Juliusza Słowackiego 2; 59-700 Bolesławiec,m. Bolesławiec,bolesławiecki,dolnośląskie,1214,1290,543,671,0,2,4,4,0,0,0,0,4,675,4,0,675,4,1,3,0,0.592592592592593,0.148148148148148,0.444444444444444,0,99.4074074074074,671,8,41,283,94,1,11,0,0,231,1,1,1.19225037257824,6.11028315946349,42.1758569299553,14.0089418777943,0.14903129657228,1.63934426229508,0,0,34.4262295081967,0.14903129657228,0.14903129657228
1508-d716-b73d-4c4b-765e-7bfe-6090-2614,2,20101,gmina miejska,7,miasto,stały,Szkoła Podstawowa Nr 1; ul. Jana Pawła II 38c; 59-700 Bolesławiec,m. Bolesławiec,bolesławiecki,dolnośląskie,1246,1345,352,894,1,12,9,9,0,0,0,0,9,903,9,0,903,5,3,2,0,0.553709856035437,0.332225913621262,0.221483942414175,0,99.4462901439646,898,24,41,306,110,2,17,0,1,392,2,3,2.67260579064588,4.56570155902004,34.075723830735,12.2494432071269,0.22271714922049,1.89309576837416,0,0.111358574610245,43.652561247216,0.22271714922049,0.334075723830735
f8f2-40ae-489d-584c-8aa4-e1f6-55d5-f41f,2,20101,gmina miejska,8,miasto,stały,Szkoła Podstawowa Nr 1; ul. Jana Pawła II 38c; 59-700 Bolesławiec,m. Bolesławiec,bolesławiecki,dolnośląskie,1251,1348,333,918,0,7,7,7,0,0,0,0,7,925,7,0,925,1,0,1,0,0.108108108108108,0,0.108108108108108,0,99.8918918918919,924,20,55,337,140,1,24,0,0,345,0,2,2.16450216450216,5.95238095238095,36.4718614718615,15.1515151515152,0.108225108225108,2.5974025974026,0,0,37.3376623376623,0,0.216450216450216
9b8d-9fc7-d725-cceb-be04-df0e-721e-3780,2,20101,gmina miejska,9,miasto,stały,Miejskie Przedszkole Publiczne Nr 6; ul. Piotra i Pawła 2; 59-700 Bolesławiec,m. Bolesławiec,bolesławiecki,dolnośląskie,1340,1399,491,849,0,5,20,20,1,0,0,0,19,868,19,0,868,4,0,4,0,0.460829493087558,0,0.460829493087558,0,99.5391705069124,864,30,52,291,136,1,8,0,1,342,0,3,3.47222222222222,6.01851851851852,33.6805555555556,15.7407407407407,0.115740740740741,0.925925925925926,0,0.115740740740741,39.5833333333333,0,0.347222222222222
7824-c62e-acf1-018e-615c-0b27-8d25-d50e,2,20101,gmina miejska,10,miasto,stały,Szkoła Podstawowa Nr 2; ul. Juliusza Słowackiego 2; 59-700 Bolesławiec,m. Bolesławiec,bolesławiecki,dolnośląskie,1208,1330,412,796,0,10,11,10,0,0,0,0,10,806,10,0,806,3,3,0,0,0.372208436724566,0.372208436724566,0,0,99.6277915632754,803,22,57,334,95,1,4,0,0,287,1,2,2.73972602739726,7.09838107098381,41.5940224159402,11.8306351183064,0.12453300124533,0.49813200498132,0,0,35.7409713574097,0.12453300124533,0.24906600249066
35c6-e984-f349-36da-06d7-41ac-1b04-4669,2,20101,gmina miejska,11,miasto,stały,Szkoła Podstawowa Nr 4; ul. Mikołaja Brody 12; 59-700 Bolesławiec,m. Bolesławiec,bolesławiecki,dolnośląskie,1248,1351,428,820,0,7,12,11,0,0,0,0,11,830,11,0,830,7,1,6,0,0.843373493975904,0.120481927710843,0.72289156626506,0,99.1566265060241,823,26,51,277,125,1,11,0,2,328,2,0,3.1591737545565,6.19684082624544,33.6573511543135,15.1883353584447,0.121506682867558,1.33657351154314,0,0.243013365735115,39.8541919805589,0.243013365735115,0
f51a-85ab-f59f-a0bc-6cd4-578e-6332-e0d2,2,20101,gmina miejska,12,miasto,stały,Szkoła Podstawowa Nr 4; ul. Bielska 5; 59-700 Bolesławiec,m. Bolesławiec,bolesławiecki,dolnośląskie,1222,1289,420,802,0,3,6,6,2,0,0,0,4,806,4,0,806,0,0,0,0,0,0,0,0,100,806,31,31,305,87,1,10,0,0,339,2,0,3.84615384615385,3.84615384615385,37.8411910669975,10.7940446650124,0.124069478908189,1.24069478908189,0,0,42.0595533498759,0.248138957816377,0
c1c3-c38f-4118-78e7-a066-924e-cf86-05a8,2,20101,gmina miejska,13,miasto,stały,Szkoła Podstawowa Nr 4; ul. Bielska 5; 59-700 Bolesławiec,m. Bolesławiec,bolesławiecki,dolnośląskie,1269,1343,482,787,0,3,10,10,0,0,0,0,10,796,10,1,795,3,0,3,0,0.377358490566038,0,0.377358490566038,0,99.622641509434,792,16,32,294,116,2,13,0,0,315,1,3,2.02020202020202,4.04040404040404,37.1212121212121,14.6464646464646,0.252525252525252,1.64141414141414,0,0,39.7727272727273,0.126262626262626,0.378787878787879
68a2-3261-c38c-cd5b-ebc2-d77b-f682-0fdf,2,20101,gmina miejska,14,miasto,stały,Szkoła Podstawowa Nr 4; ul. Bielska 5; 59-700 Bolesławiec,m. Bolesławiec,bolesławiecki,dolnośląskie,1400,1510,382,1018,0,8,12,12,0,0,0,0,12,1030,12,0,1030,2,0,2,0,0.194174757281553,0,0.194174757281553,0,99.8058252427184,1028,25,62,329,173,3,20,3,2,408,1,2,2.43190661478599,6.03112840466926,32.0038910505837,16.8287937743191,0.291828793774319,1.94552529182879,0.291828793774319,0.194552529182879,39.6887159533074,0.09727626459144,0.194552529182879
6bad-d802-f910-07ab-b76e-f012-a957-8a49,2,20101,gmina miejska,15,miasto,stały,Miejskie Przedszkole Publiczne Nr 5; ul. Zygmunta Augusta 16b; 59-700 Bolesławiec,m. Bolesławiec,bolesławiecki,dolnośląskie,1296,1399,424,872,0,8,10,10,0,0,0,0,10,882,10,0,882,2,2,0,0,0.226757369614512,0.226757369614512,0,0,99.7732426303855,880,20,40,302,129,2,9,0,0,375,2,1,2.27272727272727,4.54545454545455,34.3181818181818,14.6590909090909,0.227272727272727,1.02272727272727,0,0,42.6136363636364,0.227272727272727,0.113636363636364
4d0e-3583-a750-8b3d-9c2c-2913-c3ed-3b68,2,20101,gmina miejska,16,miasto,stały,Przedsiębiorstwo Wodociągów i Kanalizacji; Aleja Wojska Polskiego 6/1a; 59-700 Bolesławiec,m. Bolesławiec,bolesławiecki,dolnośląskie,1265,1376,348,917,0,5,17,16,0,0,0,0,16,932,16,6,926,2,0,2,0,0.215982721382289,0,0.215982721382289,0,99.7840172786177,924,27,58,286,144,2,22,1,1,379,2,2,2.92207792207792,6.27705627705628,30.952380952381,15.5844155844156,0.216450216450216,2.38095238095238,0.108225108225108,0.108225108225108,41.017316017316,0.216450216450216,0.216450216450216
7fa3-762f-6c79-091c-d6a9-2112-7276-235a,2,20101,gmina miejska,17,miasto,stały,Pałac Ślubów; Ratusz-Rynek 41; 59-700 Bolesławiec,m. Bolesławiec,bolesławiecki,dolnośląskie,1178,1249,467,711,0,8,3,3,0,0,0,0,3,714,3,0,714,2,1,1,0,0.280112044817927,0.140056022408964,0.140056022408964,0,99.7198879551821,712,24,32,281,108,2,10,0,1,250,2,2,3.37078651685393,4.49438202247191,39.4662921348315,15.1685393258427,0.280898876404494,1.40449438202247,0,0.140449438202247,35.1123595505618,0.280898876404494,0.280898876404494
4efd-eb9e-5aed-4674-5a7f-a1f7-bf36-d2dc,2,20101,gmina miejska,18,miasto,stały,Szkoła Podstawowa Nr 4; ul. Mikołaja Brody 12; 59-700 Bolesławiec,m. Bolesławiec,bolesławiecki,dolnośląskie,1184,1231,447,737,0,6,2,2,0,0,0,0,2,739,2,0,739,1,0,1,0,0.13531799729364,0,0.13531799729364,0,99.8646820027064,738,17,49,235,148,0,6,0,1,281,0,1,2.30352303523035,6.63956639566396,31.8428184281843,20.0542005420054,0,0.813008130081301,0,0.13550135501355,38.0758807588076,0,0.13550135501355
4304-1888-e856-ba54-c9fc-ba13-2b7b-805d,2,20101,gmina miejska,19,miasto,stały,Miejskie Przedszkole Publiczne Nr 2; ul. Mikołaja Brody 17; 59-700 Bolesławiec,m. Bolesławiec,bolesławiecki,dolnośląskie,1418,1490,414,1004,0,3,11,11,0,0,0,0,11,1015,11,0,1015,3,3,0,0,0.295566502463054,0.295566502463054,0,0,99.7044334975369,1012,32,56,272,168,1,12,2,0,463,3,3,3.16205533596838,5.53359683794466,26.8774703557312,16.600790513834,0.098814229249012,1.18577075098814,0.197628458498024,0,45.7509881422925,0.296442687747036,0.296442687747036
a231-1f69-31d7-ec88-a83a-7c3d-3601-fea8,2,20101,gmina miejska,20,miasto,stały,Miejskie Przedszkole Publiczne Nr 7; ul. Górne Młyny 5; 59-700 Bolesławiec,m. Bolesławiec,bolesławiecki,dolnośląskie,1508,1619,503,1005,0,10,7,7,0,0,0,0,7,1012,7,0,1012,3,1,2,0,0.296442687747036,0.098814229249012,0.197628458498024,0,99.703557312253,1009,18,87,301,213,0,5,0,1,382,0,2,1.78394449950446,8.62239841427156,29.8315163528246,21.1100099108028,0,0.495540138751239,0,0.099108027750248,37.8592666005947,0,0.198216055500496
546a-9582-1fb7-aba5-e81d-8b2b-5c0c-6e7e,2,20101,gmina miejska,21,miasto,stały,Miejskie Przedszkole Publiczne Nr 7; ul. Górne Młyny 5; 59-700 Bolesławiec,m. Bolesławiec,bolesławiecki,dolnośląskie,1477,1590,574,903,0,3,14,14,0,0,0,0,14,917,14,0,917,1,0,1,0,0.109051254089422,0,0.109051254089422,0,99.8909487459106,916,22,60,315,150,1,11,0,2,354,0,1,2.40174672489083,6.55021834061135,34.3886462882096,16.3755458515284,0.109170305676856,1.20087336244541,0,0.218340611353712,38.646288209607,0,0.109170305676856
e558-e5e6-1fee-726c-f934-0b8d-efe5-9482,2,20101,gmina miejska,22,miasto,zakład leczniczy,Wojewódzki Szpital dla Nerwowo i Psychicznie Chorych w Bolesławcu; Aleja Tysiąclecia 30; 59-700 Bolesławiec,m. Bolesławiec,bolesławiecki,dolnośląskie,356,227,267,89,0,2,0,0,0,0,0,0,0,89,0,0,89,2,0,2,0,2.24719101123596,0,2.24719101123596,0,97.7528089887641,87,2,2,63,1,0,1,0,0,18,0,0,2.29885057471264,2.29885057471264,72.4137931034483,1.14942528735632,0,1.14942528735632,0,0,20.6896551724138,0,0
673f-3b88-da7c-650f-5762-8754-899e-4a61,2,20101,gmina miejska,23,miasto,dom pomocy społecznej,Dom Pomocy Społecznej w Bolesławcu; ul. Piastów 17; 59-700 Bolesławiec,m. Bolesławiec,bolesławiecki,dolnośląskie,50,41,23,27,0,0,0,0,0,0,0,0,0,27,0,0,27,2,1,1,0,7.40740740740741,3.7037037037037,3.7037037037037,0,92.5925925925926,25,0,0,17,2,0,1,0,1,2,0,2,0,0,68,8,0,4,0,4,8,0,8
5f8c-ee1b-04a8-97c8-2697-bfd7-38f4-61d6,2,20102,gmina wiejska,1,wieś,stały,Dom Ludowy; Żeliszów 102A; 59-700 Bolesławiec,gm. Bolesławiec,bolesławiecki,dolnośląskie,734,781,289,445,0,0,0,0,0,0,0,0,0,445,0,0,445,1,0,1,0,0.224719101123595,0,0.224719101123595,0,99.7752808988764,444,5,42,208,69,0,15,1,0,104,0,0,1.12612612612613,9.45945945945946,46.8468468468469,15.5405405405405,0,3.37837837837838,0.225225225225225,0,23.4234234234234,0,0
a6fa-9fbd-b5bf-a48c-ce70-d81b-c69b-6659,2,20102,gmina wiejska,2,wieś,stały,Dom Ludowy; Bożejowice 1A; 59-700 Bolesławiec,gm. Bolesławiec,bolesławiecki,dolnośląskie,790,840,218,572,0,1,1,1,0,0,0,0,1,573,1,0,573,1,0,1,0,0.174520069808028,0,0.174520069808028,0,99.825479930192,572,15,48,198,96,2,9,1,0,203,0,0,2.62237762237762,8.39160839160839,34.6153846153846,16.7832167832168,0.34965034965035,1.57342657342657,0.174825174825175,0,35.4895104895105,0,0
2cea-2735-ce2c-9f64-67ef-8b6d-1675-1df5,2,20102,gmina wiejska,3,wieś,stały,Dom Ludowy; Otok 44C; 59-700 Bolesławiec,gm. Bolesławiec,bolesławiecki,dolnośląskie,696,757,223,473,0,6,0,0,0,0,0,0,0,473,0,0,473,2,1,1,0,0.422832980972516,0.211416490486258,0.211416490486258,0,99.5771670190275,471,11,19,201,99,1,3,1,0,136,0,0,2.33545647558386,4.03397027600849,42.6751592356688,21.0191082802548,0.212314225053079,0.636942675159236,0.212314225053079,0,28.8747346072187,0,0
27ef-113e-e196-e3fc-e9f0-e847-91d0-ab9c,2,20102,gmina wiejska,4,wieś,stały,Dom Ludowy; Brzeźnik 37; 59-700  Bolesławiec,gm. Bolesławiec,bolesławiecki,dolnośląskie,633,689,188,445,0,1,0,0,0,0,0,0,0,445,0,0,445,7,3,4,0,1.57303370786517,0.674157303370787,0.898876404494382,0,98.4269662921348,438,4,45,236,67,0,7,0,0,78,0,1,0.91324200913242,10.2739726027397,53.8812785388128,15.296803652968,0,1.59817351598174,0,0,17.8082191780822,0,0.228310502283105
186f-f3bc-7eee-d991-e64c-ad2b-97dd-d301,2,20102,gmina wiejska,5,wieś,stały,Dom Ludowy; Dobra 94; 59-700  Bolesławiec,gm. Bolesławiec,bolesławiecki,dolnośląskie,856,934,255,601,1,1,2,2,0,0,0,0,2,603,2,0,603,2,0,2,0,0.33167495854063,0,0.33167495854063,0,99.6683250414594,601,16,35,204,127,0,7,2,0,209,0,1,2.66222961730449,5.82362728785358,33.9434276206323,21.1314475873544,0,1.16472545757072,0.332778702163062,0,34.7753743760399,0,0.166389351081531
a067-53e5-a04e-bd60-da4e-7d05-07c5-bd3c,2,20102,gmina wiejska,6,wieś,stały,Szkoła Podstawowa; Dąbrowa Bolesławiecka 43; 59-700 Bolesławiec,gm. Bolesławiec,bolesławiecki,dolnośląskie,1289,1404,436,853,0,3,1,1,0,0,0,1,0,853,0,0,853,1,0,1,0,0.117233294255569,0,0.117233294255569,0,99.8827667057444,852,14,65,359,157,0,17,0,1,230,4,5,1.64319248826291,7.62910798122066,42.1361502347418,18.4272300469484,0,1.99530516431925,0,0.117370892018779,26.9953051643192,0.469483568075117,0.586854460093897
4809-d5be-c30a-e2bc-9c7a-d206-9345-4f02,2,20102,gmina wiejska,7,wieś,stały,Dom Ludowy; Trzebień ul. Lipowa 5; 59-700 Bolesławiec,gm. Bolesławiec,bolesławiecki,dolnośląskie,1092,1187,448,644,0,1,4,4,0,0,0,0,4,648,4,0,648,3,3,0,0,0.462962962962963,0.462962962962963,0,0,99.537037037037,645,10,47,270,125,0,4,0,0,188,0,1,1.55038759689923,7.28682170542636,41.8604651162791,19.3798449612403,0,0.62015503875969,0,0,29.1472868217054,0,0.155038759689922
05e5-0d1b-5f34-640d-7859-c0f4-302b-7b81,2,20102,gmina wiejska,8,wieś,stały,Dom Ludowy; Kraśnik Dolny 24C; 59-700 Bolesławiec,gm. Bolesławiec,bolesławiecki,dolnośląskie,1278,1412,452,826,0,0,0,0,0,0,0,0,0,826,0,0,826,5,1,4,0,0.605326876513317,0.121065375302663,0.484261501210654,0,99.3946731234867,821,10,52,390,123,2,27,0,2,211,2,2,1.21802679658953,6.33373934226553,47.5030450669915,14.9817295980512,0.243605359317905,3.28867235079172,0,0.243605359317905,25.700365408039,0.243605359317905,0.243605359317905
fd8e-d2bd-ed1c-93c1-7d48-6ff6-c633-e1d2,2,20102,gmina wiejska,9,wieś,stały,Centrum Administracyjno-Kulturalne; Kruszyn ul. Kasztanowa 1B; 59-700 Bolesławiec,gm. Bolesławiec,bolesławiecki,dolnośląskie,1329,1443,342,987,0,11,2,2,0,0,0,0,2,989,2,0,989,4,1,3,0,0.404448938321537,0.101112234580384,0.303336703741153,0,99.5955510616785,985,30,62,313,166,1,18,1,1,387,1,5,3.04568527918782,6.29441624365482,31.7766497461929,16.8527918781726,0.101522842639594,1.82741116751269,0.101522842639594,0.101522842639594,39.2893401015228,0.101522842639594,0.507614213197969
de2d-ce04-2377-e197-09c3-a3a0-01e8-1ac7,2,20102,gmina wiejska,10,wieś,stały,Dom Ludowy; Łaziska 30A; 59-700 Bolesławiec,gm. Bolesławiec,bolesławiecki,dolnośląskie,882,952,257,625,2,0,0,0,0,0,0,0,0,625,0,0,625,2,1,1,0,0.32,0.16,0.16,0,99.68,623,14,57,234,108,0,7,2,1,195,1,4,2.24719101123596,9.14927768860353,37.5601926163724,17.3354735152488,0,1.12359550561798,0.321027287319422,0.160513643659711,31.3001605136437,0.160513643659711,0.642054574638844
b27e-e875-09ad-437a-cc4e-abee-763b-0d53,2,20102,gmina wiejska,11,wieś,stały,Dom Ludowy; Ocice 54B; 59-730 Nowogrodziec,gm. Bolesławiec,bolesławiecki,dolnośląskie,717,785,246,471,0,3,3,3,0,0,0,0,3,474,3,0,474,0,0,0,0,0,0,0,0,100,474,3,34,276,80,1,4,0,0,75,0,1,0.632911392405063,7.17299578059072,58.2278481012658,16.8776371308017,0.210970464135021,0.843881856540084,0,0,15.8227848101266,0,0.210970464135021
bc50-a42b-4783-1481-a827-5d61-0ba8-24fe,2,20103,gmina wiejska,1,wieś,stały,Szkoła Podstawowa w Gromadce; ul. gen. Wł. Sikorskiego 19; 59-706 Gromadka,gm. Gromadka,bolesławiecki,dolnośląskie,1645,1766,581,1064,3,4,8,8,0,0,0,0,8,1072,8,0,1072,1,1,0,0,0.093283582089552,0.093283582089552,0,0,99.9067164179104,1071,28,58,543,110,2,24,0,3,296,2,5,2.61437908496732,5.41549953314659,50.7002801120448,10.2707749766573,0.186741363211951,2.24089635854342,0,0.280112044817927,27.6377217553688,0.186741363211951,0.466853408029879
6ee1-fb31-b181-16a7-3d17-164d-ec6e-9bc4,2,20103,gmina wiejska,2,wieś,stały,Gminny Ośrodek Pomocy Społecznej w Gromadce z siedzibą w Wierzbowej; Wierzbowa 19; 59-706 Gromadka,gm. Gromadka,bolesławiecki,dolnośląskie,796,844,332,464,0,2,0,0,0,0,0,0,0,464,0,0,464,4,1,3,0,0.862068965517241,0.21551724137931,0.646551724137931,0,99.1379310344828,460,3,37,311,44,0,10,0,1,53,1,0,0.652173913043478,8.04347826086956,67.6086956521739,9.56521739130435,0,2.17391304347826,0,0.217391304347826,11.5217391304348,0.217391304347826,0
55cc-70a0-ba56-2858-564a-3237-c696-c3fe,2,20103,gmina wiejska,3,wieś,stały,Świetlica wiejska w Różyńcu; Różyniec 41B; 59-706 Gromadka,gm. Gromadka,bolesławiecki,dolnośląskie,1106,1178,442,664,0,3,2,1,0,0,0,0,1,665,1,0,665,4,1,3,0,0.601503759398496,0.150375939849624,0.451127819548872,0,99.3984962406015,661,11,45,348,85,1,13,0,0,158,0,0,1.66414523449319,6.80786686838124,52.6475037821483,12.8593040847201,0.151285930408472,1.96671709531014,0,0,23.9031770045386,0,0
f390-ff0b-589a-116c-c856-e378-f985-5223,2,20103,gmina wiejska,4,wieś,stały,Świetlica Wiejska; Modła 15A; 59-706 Gromadka,gm. Gromadka,bolesławiecki,dolnośląskie,509,514,237,272,0,1,0,0,0,0,0,0,0,272,0,0,272,3,1,2,0,1.10294117647059,0.367647058823529,0.735294117647059,0,98.8970588235294,269,3,19,163,22,0,7,0,0,54,0,1,1.11524163568773,7.06319702602231,60.5947955390335,8.17843866171004,0,2.60223048327138,0,0,20.0743494423792,0,0.371747211895911
5aec-57a2-984f-31d0-2287-0f4d-1e6d-5ebc,2,20104,gmina miejsko-wiejska,1,wieś,stały,Szkoła Podstawowa im. Górników Surowców Mineralnych w Czernej; Czerna 52; 59-730 Nowogrodziec,gm. Nowogrodziec,bolesławiecki,dolnośląskie,749,813,305,444,0,0,2,2,0,0,0,0,2,446,2,0,446,3,0,3,0,0.672645739910314,0,0.672645739910314,0,99.3273542600897,443,6,34,213,120,0,3,0,2,63,1,1,1.35440180586907,7.67494356659142,48.0812641083521,27.0880361173815,0,0.677200902934537,0,0.451467268623025,14.2212189616253,0.225733634311512,0.225733634311512
120d-aa3f-c4c7-7417-81e0-b0a3-a478-7f17,2,20104,gmina miejsko-wiejska,2,wieś,stały,Szkoła Podstawowa im. Jana Pawła II w Gierałtowie; Gierałtów 47; 59-730 Nowogrodziec,gm. Nowogrodziec,bolesławiecki,dolnośląskie,773,845,299,474,0,1,5,5,0,0,1,0,4,478,4,0,478,3,1,2,0,0.627615062761506,0.209205020920502,0.418410041841004,0,99.3723849372385,475,3,33,272,97,0,3,1,0,65,0,1,0.631578947368421,6.94736842105263,57.2631578947368,20.4210526315789,0,0.631578947368421,0.210526315789474,0,13.6842105263158,0,0.210526315789474
2c2f-de75-478c-1c5d-970b-1413-20e9-583d,2,20104,gmina miejsko-wiejska,3,wieś,stały,Budynek byłej Szkoły Podstawowej w Godzieszowie; Godzieszów 97; 59-730 Nowogrodziec,gm. Nowogrodziec,bolesławiecki,dolnośląskie,460,502,179,281,0,1,0,0,0,0,0,0,0,281,0,0,281,3,3,0,0,1.06761565836299,1.06761565836299,0,0,98.932384341637,278,3,5,137,57,1,6,1,0,68,0,0,1.07913669064748,1.79856115107914,49.2805755395684,20.5035971223022,0.359712230215827,2.15827338129496,0.359712230215827,0,24.4604316546763,0,0
faca-83f9-aec0-61ea-9228-9648-6043-efd2,2,20104,gmina miejsko-wiejska,4,wieś,stały,Szkoła Podstawowa im. Jana Pawła II w Gościszowie; Gościszów 152; 59-730 Nowogrodziec,gm. Nowogrodziec,bolesławiecki,dolnośląskie,1018,1114,452,566,0,0,8,8,0,0,0,0,8,574,8,0,574,7,7,0,0,1.21951219512195,1.21951219512195,0,0,98.7804878048781,567,2,52,348,82,0,12,1,0,69,0,1,0.352733686067019,9.17107583774251,61.3756613756614,14.4620811287478,0,2.11640211640212,0.17636684303351,0,12.1693121693122,0,0.17636684303351
dad2-cb80-ef1e-149d-00c1-88b8-55ae-c359,2,20104,gmina miejsko-wiejska,5,wieś,stały,Świetlica wiejska w Milikowie; Milików 146; 59-730 Nowogrodziec,gm. Nowogrodziec,bolesławiecki,dolnośląskie,943,1037,385,558,0,0,2,2,0,0,0,0,2,560,2,0,560,1,1,0,0,0.178571428571429,0.178571428571429,0,0,99.8214285714286,559,11,41,290,109,2,12,0,1,90,2,1,1.96779964221825,7.3345259391771,51.8783542039356,19.4991055456172,0.35778175313059,2.14669051878354,0,0.178890876565295,16.1001788908766,0.35778175313059,0.178890876565295
258e-5f08-8f26-eac4-4c23-3c8d-6d96-d047,2,20104,gmina miejsko-wiejska,6,wieś,stały,Szkoła Podstawowa im. Józefa Piłsudskiego w Nowej Wsi; Nowa Wieś 26a; 59-730 Nowogrodziec,gm. Nowogrodziec,bolesławiecki,dolnośląskie,650,711,266,384,0,0,1,1,0,0,0,0,1,385,1,0,385,2,0,2,0,0.519480519480519,0,0.519480519480519,0,99.4805194805195,383,5,25,190,71,0,8,0,0,82,2,0,1.30548302872063,6.52741514360313,49.6083550913838,18.5378590078329,0,2.088772845953,0,0,21.4099216710183,0.522193211488251,0
bc8a-49f6-be74-b7d8-6e70-90c6-a070-bd74,2,20104,gmina miejsko-wiejska,7,miasto,stały,Szkoła Podstawowa im. Bolesława Chrobrego w Nowogrodźcu; ul. Sienkiewicza 8; 59-730 Nowogrodziec,gm. Nowogrodziec,bolesławiecki,dolnośląskie,1460,1594,527,933,0,3,10,10,1,0,1,0,8,941,8,0,941,7,2,5,0,0.743889479277364,0.212539851222104,0.53134962805526,0,99.2561105207226,934,9,64,486,180,3,12,1,2,175,0,2,0.963597430406852,6.85224839400428,52.03426124197,19.271948608137,0.321199143468951,1.2847965738758,0.107066381156317,0.214132762312634,18.7366167023555,0,0.214132762312634
8cce-6c67-fdf9-0574-dc16-a4a8-f2e9-8b8e,2,20104,gmina miejsko-wiejska,8,miasto,stały,Gminne Centrum Kultury i Sportu w Nowogrodźcu; ul. Lubańska 42a; 59-730 Nowogrodziec,gm. Nowogrodziec,bolesławiecki,dolnośląskie,1479,1571,592,887,0,2,28,26,3,0,0,0,23,910,23,0,910,2,2,0,0,0.21978021978022,0.21978021978022,0,0,99.7802197802198,908,11,78,410,169,1,18,1,2,216,0,2,1.21145374449339,8.59030837004405,45.1541850220264,18.6123348017621,0.110132158590308,1.98237885462555,0.110132158590308,0.220264317180617,23.7885462555066,0,0.220264317180617
5ebc-e145-bb7f-d075-9ba2-1ced-c092-85a6,2,20104,gmina miejsko-wiejska,9,wieś,stały,Budynek nr 63 w Parzycach (były Ośrodek Kultury w Parzycach); Parzyce 63; 59-730 Nowogrodziec,gm. Nowogrodziec,bolesławiecki,dolnośląskie,700,765,242,458,0,0,5,5,2,0,0,0,3,461,3,0,461,2,1,1,0,0.433839479392625,0.216919739696312,0.216919739696312,0,99.5661605206074,459,6,43,199,100,0,6,0,1,103,0,1,1.30718954248366,9.3681917211329,43.3551198257081,21.7864923747277,0,1.30718954248366,0,0.217864923747277,22.4400871459695,0,0.217864923747277
db58-7fa3-5463-4e61-ec89-8427-010a-6ac0,2,20104,gmina miejsko-wiejska,10,wieś,stały,Świetlica Wiejska w Wykrotach; Wykroty ul. Główna 27; 59-730 Nowogrodziec,gm. Nowogrodziec,bolesławiecki,dolnośląskie,1272,1490,438,834,0,5,2,2,0,0,0,0,2,836,2,0,836,5,0,5,0,0.598086124401914,0,0.598086124401914,0,99.4019138755981,831,9,62,464,152,1,8,0,1,130,1,3,1.08303249097473,7.46089049338147,55.8363417569194,18.2912154031288,0.120336943441637,0.962695547533093,0,0.120336943441637,15.6438026474128,0.120336943441637,0.36101083032491
268d-1cf9-e5b3-6a92-ba64-da0e-e013-bc97,2,20104,gmina miejsko-wiejska,11,wieś,stały,Świetlica Wiejska w Zebrzydowej; Zebrzydowa 52; 59-730 Nowogrodziec,gm. Nowogrodziec,bolesławiecki,dolnośląskie,1000,1083,388,612,0,5,1,0,0,0,0,0,0,612,0,0,612,0,0,0,0,0,0,0,0,100,612,7,30,243,175,0,13,0,1,142,0,1,1.1437908496732,4.90196078431373,39.7058823529412,28.5947712418301,0,2.12418300653595,0,0.163398692810458,23.202614379085,0,0.163398692810458
2e75-11cd-8b33-ff28-27bd-92e5-a605-9b0a,2,20104,gmina miejsko-wiejska,12,miasto,zakład leczniczy,Samodzielny Publiczny Zakład Opieki Zdrowotnej w Nowogrodźcu; ul. Lubańska 16; 59-730 Nowogrodziec,gm. Nowogrodziec,bolesławiecki,dolnośląskie,57,54,51,6,0,2,0,0,0,0,0,0,0,6,0,0,6,0,0,0,0,0,0,0,0,100,6,0,1,2,1,0,1,0,0,1,0,0,0,16.6666666666667,33.3333333333333,16.6666666666667,0,16.6666666666667,0,0,16.6666666666667,0,0
e7f3-bade-72bf-1b17-9d8c-9605-7329-167c,2,20105,gmina wiejska,1,wieś,stały,Centrum Aktywności Społecznej w Tomisławiu; Tomisław 62A; 59-724 Osiecznica,gm. Osiecznica,bolesławiecki,dolnośląskie,761,847,258,503,0,0,4,3,0,0,0,0,3,506,3,0,506,2,0,2,0,0.395256916996047,0,0.395256916996047,0,99.6047430830039,504,11,54,255,65,0,5,0,1,111,1,1,2.18253968253968,10.7142857142857,50.5952380952381,12.8968253968254,0,0.992063492063492,0,0.198412698412698,22.0238095238095,0.198412698412698,0.198412698412698
1f1c-9008-d08a-cfdd-da7c-78f8-d589-401a,2,20105,gmina wiejska,2,wieś,stały,Gminny Ośrodek Sportu i Rekreacji w Osiecznicy; ul. Lubańska 29B; 59-724 Osiecznica,gm. Osiecznica,bolesławiecki,dolnośląskie,1171,1284,428,743,0,10,10,8,0,0,0,0,8,751,8,0,751,2,1,1,0,0.266311584553928,0.133155792276964,0.133155792276964,0,99.7336884154461,749,22,72,286,132,0,5,1,0,226,4,1,2.93724966622163,9.6128170894526,38.1842456608812,17.6234979973298,0,0.667556742323098,0.133511348464619,0,30.173564753004,0.534045393858478,0.133511348464619
1456-0464-64e3-8c7a-cbea-f5ac-ccf8-d5a2,2,20105,gmina wiejska,3,wieś,stały,Świetlica Wiejska w Przejęsławiu; Przejęsław 10a; 59-724 Osiecznica,gm. Osiecznica,bolesławiecki,dolnośląskie,390,428,171,219,0,4,0,0,0,0,0,0,0,219,0,0,219,2,0,2,0,0.91324200913242,0,0.91324200913242,0,99.0867579908676,217,7,18,102,35,0,3,1,1,50,0,0,3.2258064516129,8.29493087557604,47.0046082949309,16.1290322580645,0,1.38248847926267,0.460829493087558,0.460829493087558,23.0414746543779,0,0
0471-87fc-797f-31c4-f1da-908c-d6a3-ec48,2,20105,gmina wiejska,4,wieś,stały,Świetlica Wiejska w Ławszowej; Ławszowa 81; 59-724  Osiecznica,gm. Osiecznica,bolesławiecki,dolnośląskie,526,570,240,286,0,1,0,0,0,0,0,0,0,286,0,0,286,4,1,3,0,1.3986013986014,0.34965034965035,1.04895104895105,0,98.6013986013986,282,7,24,152,15,0,6,0,0,77,1,0,2.4822695035461,8.51063829787234,53.9007092198582,5.31914893617021,0,2.12765957446808,0,0,27.3049645390071,0.354609929078014,0
ee82-4ea2-c507-4fd1-eab4-10b4-0b8f-99a7,2,20105,gmina wiejska,5,wieś,stały,Świetlica Wiejska w Parowej; Parowa 89A; 59-724 Osiecznica,gm. Osiecznica,bolesławiecki,dolnośląskie,795,869,360,435,0,0,1,1,0,0,0,0,1,436,1,0,436,2,1,1,0,0.458715596330275,0.229357798165138,0.229357798165138,0,99.5412844036697,434,9,30,201,69,0,9,0,0,113,1,2,2.07373271889401,6.91244239631336,46.3133640552995,15.8986175115207,0,2.07373271889401,0,0,26.036866359447,0.230414746543779,0.460829493087558
e6d7-7acc-dd45-1a86-6c80-39e1-404b-328c,2,20105,gmina wiejska,6,wieś,stały,Centrum Aktywności Społecznej w Ołoboku; Ołobok 62A; 59-724 Osiecznica,gm. Osiecznica,bolesławiecki,dolnośląskie,294,333,152,142,0,17,0,0,0,0,0,0,0,142,0,0,142,1,0,1,0,0.704225352112676,0,0.704225352112676,0,99.2957746478873,141,6,12,60,26,0,3,0,0,33,1,0,4.25531914893617,8.51063829787234,42.5531914893617,18.4397163120567,0,2.12765957446808,0,0,23.4042553191489,0.709219858156028,0
5ed2-2a5b-f738-4b6b-71e5-c5db-2e9e-6fb3,2,20105,gmina wiejska,7,wieś,stały,Centrum Aktywności Społecznej w Świętoszowie; ul. Szkolna 15; 59-726 Świętoszów,gm. Osiecznica,bolesławiecki,dolnośląskie,918,1025,291,627,0,13,1,1,0,0,0,0,1,628,1,0,628,2,0,2,0,0.318471337579618,0,0.318471337579618,0,99.6815286624204,626,17,61,181,134,1,15,0,1,213,1,2,2.71565495207668,9.7444089456869,28.9137380191693,21.405750798722,0.159744408945687,2.3961661341853,0,0.159744408945687,34.0255591054313,0.159744408945687,0.319488817891374
1970-79af-07fd-8518-9c81-6dde-254e-9c4b,2,20106,gmina wiejska,1,wieś,stały,Wiejski Dom Kultury; Warta Bolesławiecka 29B; 59-720 Warta Bolesławiecka,gm. Warta Bolesławiecka,bolesławiecki,dolnośląskie,944,1040,279,665,0,1,1,1,1,0,0,0,0,665,0,0,665,0,0,0,0,0,0,0,0,100,665,17,50,312,126,0,9,0,4,144,0,3,2.55639097744361,7.5187969924812,46.9172932330827,18.9473684210526,0,1.35338345864662,0,0.601503759398496,21.6541353383459,0,0.451127819548872
3490-d69d-6758-6338-2b12-4e1e-6d44-9bdc,2,20106,gmina wiejska,2,wieś,stały,Szkoła Podstawowa im. Żołnierzy II Armii Wojska Polskiego; Tomaszów Bolesławiecki 96; 59-720 Tomaszów Bolesławiecki,gm. Warta Bolesławiecka,bolesławiecki,dolnośląskie,1404,1529,483,921,0,2,8,8,0,0,0,0,8,929,8,0,929,5,3,2,0,0.538213132400431,0.322927879440258,0.215285252960172,0,99.4617868675996,924,20,66,369,163,1,18,0,3,284,0,0,2.16450216450216,7.14285714285714,39.9350649350649,17.6406926406926,0.108225108225108,1.94805194805195,0,0.324675324675325,30.7359307359307,0,0
6742-4c25-8802-efa7-6caf-d40f-7ab6-baf8,2,20106,gmina wiejska,3,wieś,stały,Świetlica Wiejska; Raciborowice Górne 196; 59-720 Raciborowice Górne,gm. Warta Bolesławiecka,bolesławiecki,dolnośląskie,968,1056,411,557,1,4,6,6,2,0,0,0,4,561,4,0,561,4,1,3,0,0.71301247771836,0.17825311942959,0.53475935828877,0,99.2869875222816,557,9,20,324,65,0,7,0,0,130,1,1,1.61579892280072,3.59066427289048,58.1687612208258,11.6696588868941,0,1.25673249551167,0,0,23.3393177737881,0.179533213644524,0.179533213644524
fd28-d97d-739c-55e9-c1c1-94e0-e713-a3e0,2,20106,gmina wiejska,4,wieś,stały,Zespół Szkolno-Przedszkolny; Iwiny Osiedle I 6; 59-720 Iwiny,gm. Warta Bolesławiecka,bolesławiecki,dolnośląskie,1132,1222,439,693,2,0,1,1,0,0,0,0,1,694,1,0,694,2,0,2,0,0.288184438040346,0,0.288184438040346,0,99.7118155619597,692,14,32,363,93,0,7,0,0,181,0,2,2.02312138728324,4.6242774566474,52.4566473988439,13.4393063583815,0,1.01156069364162,0,0,26.1560693641619,0,0.289017341040462
8eb5-9702-ee45-73ad-3761-5adf-a4b3-b978,2,20106,gmina wiejska,5,wieś,stały,Świetlica Wiejska; Szczytnica 34A; 59-720 Szczytnica,gm. Warta Bolesławiecka,bolesławiecki,dolnośląskie,957,1042,455,502,0,3,1,1,0,0,0,0,1,503,1,0,503,4,0,4,0,0.795228628230616,0,0.795228628230616,0,99.2047713717694,499,9,42,230,67,0,9,1,0,138,1,2,1.80360721442886,8.41683366733467,46.0921843687375,13.4268537074148,0,1.80360721442886,0.200400801603206,0,27.6553106212425,0.200400801603206,0.400801603206413
85f0-2217-dcb5-a75a-0465-8f68-d39b-a657,2,20106,gmina wiejska,6,wieś,stały,Kino „Kujawy”; Raciborowice Dolne 61; 59-720 Raciborowice Dolne,gm. Warta Bolesławiecka,bolesławiecki,dolnośląskie,676,731,287,389,0,2,6,6,5,0,0,0,1,390,1,0,390,1,1,0,0,0.256410256410256,0.256410256410256,0,0,99.7435897435897,389,5,14,245,46,0,8,0,2,68,0,1,1.2853470437018,3.59897172236504,62.9820051413882,11.8251928020566,0,2.05655526992288,0,0.51413881748072,17.4807197943445,0,0.25706940874036
36b1-7a8b-1980-5d6b-a02c-ea9f-8917-049b,4,20201,gmina miejska,1,miasto,stały,Bielawski Inkubator Przedsiębiorczości Sala Konferencyjna; ul. Wolności 24; 58-260 Bielawa,m. Bielawa,dzierżoniowski,dolnośląskie,1010,1117,388,622,0,3,15,15,0,0,0,0,15,637,15,1,636,4,3,1,0,0.628930817610063,0.471698113207547,0.157232704402516,0,99.3710691823899,632,16,50,281,74,2,10,0,1,196,1,1,2.53164556962025,7.91139240506329,44.4620253164557,11.7088607594937,0.316455696202532,1.58227848101266,0,0.158227848101266,31.0126582278481,0.158227848101266,0.158227848101266
7c75-5a6a-574f-639d-a71d-de50-fffd-daed,4,20201,gmina miejska,2,miasto,stały,Ekologiczna Szkoła Podstawowa nr 7 im. Juliana Tuwima; ul. Brzeżna 48; 58-260 Bielawa,m. Bielawa,dzierżoniowski,dolnośląskie,1269,1392,573,696,0,4,8,8,0,0,0,0,8,704,8,0,704,3,0,3,0,0.426136363636364,0,0.426136363636364,0,99.5738636363636,701,14,56,293,121,0,12,0,2,199,2,2,1.99714693295292,7.9885877318117,41.7974322396576,17.2610556348074,0,1.71184022824536,0,0.285306704707561,28.3880171184023,0.285306704707561,0.285306704707561
4358-6326-7e07-45f4-9bc8-e2db-bb3d-cb23,4,20201,gmina miejska,3,miasto,stały,Zespół Szkół i Placówek Kształcenia Zawodowego; ul. Stefana Żeromskiego 41; 58-260 Bielawa,m. Bielawa,dzierżoniowski,dolnośląskie,1141,1249,458,683,1,3,9,9,1,0,0,0,8,691,8,0,691,4,2,2,0,0.578871201157742,0.289435600578871,0.289435600578871,0,99.4211287988423,687,12,32,307,104,0,8,0,1,220,1,2,1.74672489082969,4.65793304221252,44.6870451237264,15.1382823871907,0,1.16448326055313,0,0.145560407569141,32.0232896652111,0.145560407569141,0.291120815138282
0fdd-6f81-a6af-e1ea-740e-454a-5c3e-6653,4,20201,gmina miejska,4,miasto,stały,Klub Spółdzielni Mieszkaniowej; Osiedle Włókniarzy 1; 58-260 Bielawa,m. Bielawa,dzierżoniowski,dolnośląskie,1215,1287,452,763,0,4,3,2,0,0,0,0,2,765,2,1,764,2,1,1,0,0.261780104712042,0.130890052356021,0.130890052356021,0,99.738219895288,762,15,45,353,90,0,12,1,0,245,1,0,1.96850393700787,5.90551181102362,46.3254593175853,11.8110236220472,0,1.5748031496063,0.131233595800525,0,32.1522309711286,0.131233595800525,0
7bc0-6cc3-53fc-ddcb-b59f-8e4f-efd7-2e6f,4,20201,gmina miejska,5,miasto,stały,Ekologiczna Szkoła Podstawowa nr 7 im. Juliana Tuwima; Osiedle Włókniarzy 10; 58-260 Bielawa,m. Bielawa,dzierżoniowski,dolnośląskie,941,1020,380,561,1,3,4,4,0,0,0,0,4,565,4,0,565,0,0,0,0,0,0,0,0,100,565,13,22,247,94,0,11,1,1,175,0,1,2.30088495575221,3.89380530973451,43.716814159292,16.6371681415929,0,1.94690265486726,0.176991150442478,0.176991150442478,30.9734513274336,0,0.176991150442478
11af-412b-96c9-7efd-af86-9e0f-a24d-5d4a,4,20201,gmina miejska,6,miasto,stały,Szkoła Podstawowa nr 10 z Oddziałami Sportowymi; ul. Parkowa 12; 58-260 Bielawa,m. Bielawa,dzierżoniowski,dolnośląskie,987,1084,345,642,0,5,8,8,3,0,0,0,5,647,5,0,647,3,3,0,0,0.463678516228748,0.463678516228748,0,0,99.5363214837712,644,17,42,241,124,0,4,2,0,213,0,1,2.63975155279503,6.52173913043478,37.4223602484472,19.2546583850932,0,0.62111801242236,0.31055900621118,0,33.0745341614907,0,0.15527950310559
3833-2fbe-086b-3dc6-71d7-7ca4-9f76-ef1c,4,20201,gmina miejska,7,miasto,stały,Szkoła Podstawowa nr 10 z Oddziałami Sportowymi; ul. Parkowa 12; 58-260 Bielawa,m. Bielawa,dzierżoniowski,dolnośląskie,1211,1298,461,750,5,1,9,9,0,0,0,0,9,759,9,0,759,2,1,1,0,0.263504611330698,0.131752305665349,0.131752305665349,0,99.7364953886693,757,22,30,333,100,2,10,1,0,259,0,0,2.90620871862616,3.96301188903567,43.9894319682959,13.2100396301189,0.264200792602378,1.32100396301189,0.132100396301189,0,34.2140026420079,0,0
c46e-f1e9-b0f2-5399-914f-e6a5-7b27-08f9,4,20201,gmina miejska,8,miasto,stały,Żłobek Publiczny; ul. Generała Grota Roweckiego 7; 58-260 Bielawa,m. Bielawa,dzierżoniowski,dolnośląskie,1092,1159,382,710,1,4,5,5,0,0,0,0,5,715,5,0,715,2,2,0,0,0.27972027972028,0.27972027972028,0,0,99.7202797202797,713,18,41,293,115,2,7,3,3,226,2,3,2.52454417952314,5.75035063113605,41.09396914446,16.1290322580645,0.280504908835905,0.981767180925666,0.420757363253857,0.420757363253857,31.6970546984572,0.280504908835905,0.420757363253857
351e-cf3a-14a3-9ba6-ea4f-4c9c-fbe0-9f95,4,20201,gmina miejska,9,miasto,stały,Szkoła Podstawowa nr 10 z Oddziałami Sportowymi; ul. Parkowa 12; 58-260 Bielawa,m. Bielawa,dzierżoniowski,dolnośląskie,1067,1138,387,680,0,6,4,4,0,0,0,0,4,684,4,0,684,0,0,0,0,0,0,0,0,100,684,22,32,296,99,0,7,0,1,225,0,2,3.21637426900585,4.67836257309942,43.2748538011696,14.4736842105263,0,1.0233918128655,0,0.146198830409357,32.8947368421053,0,0.292397660818713
2f5a-094f-c91f-f999-5aab-dc4d-1028-f006,4,20201,gmina miejska,10,miasto,stały,"Klub ""Sowa"" Spółdzielni Mieszkaniowej; ul. Jana III Sobieskiego 17; 58-260 Bielawa",m. Bielawa,dzierżoniowski,dolnośląskie,1006,1094,276,730,1,1,6,6,0,0,0,0,6,736,6,0,736,1,0,1,0,0.135869565217391,0,0.135869565217391,0,99.8641304347826,735,18,40,258,146,1,11,1,0,254,1,5,2.44897959183673,5.4421768707483,35.1020408163265,19.8639455782313,0.136054421768707,1.49659863945578,0.136054421768707,0,34.5578231292517,0.136054421768707,0.680272108843537
62a0-fa1d-0315-6333-3d16-dcba-09ac-2079,4,20201,gmina miejska,11,miasto,stały,Szkoła Podstawowa nr 10 z Oddziałami Sportowymi; ul. Generała Grota Roweckiego 6; 58-260 Bielawa,m. Bielawa,dzierżoniowski,dolnośląskie,951,1019,350,601,0,3,6,3,0,0,0,0,3,604,3,0,604,3,2,1,0,0.496688741721854,0.33112582781457,0.165562913907285,0,99.5033112582781,601,16,25,262,88,2,6,0,0,201,0,1,2.66222961730449,4.15973377703827,43.5940099833611,14.6422628951747,0.332778702163062,0.998336106489185,0,0,33.4442595673877,0,0.166389351081531
65b2-1b3f-1b30-c0b2-7b99-bbb7-636b-ea71,4,20201,gmina miejska,12,miasto,stały,Szkoła Podstawowa nr 10 z Oddziałami Sportowymi; ul. Generała Grota Roweckiego 6; 58-260 Bielawa,m. Bielawa,dzierżoniowski,dolnośląskie,930,980,342,588,1,1,2,2,1,0,0,0,1,589,1,0,589,2,1,1,0,0.33955857385399,0.169779286926995,0.169779286926995,0,99.660441426146,587,14,34,265,80,0,7,2,1,183,0,1,2.38500851788756,5.79216354344123,45.144804088586,13.6286201022147,0,1.19250425894378,0.340715502555366,0.170357751277683,31.175468483816,0,0.170357751277683
b1c3-2eb2-f610-d588-9624-c0a6-a5a3-b629,4,20201,gmina miejska,13,miasto,stały,Przedszkole Publiczne nr 3; ul. 3 Maja 22; 58-260 Bielawa,m. Bielawa,dzierżoniowski,dolnośląskie,904,968,360,544,0,0,3,3,0,0,0,0,3,547,3,0,547,1,0,1,0,0.182815356489945,0,0.182815356489945,0,99.8171846435101,546,10,32,257,87,0,10,0,2,147,0,1,1.83150183150183,5.86080586080586,47.0695970695971,15.9340659340659,0,1.83150183150183,0,0.366300366300366,26.9230769230769,0,0.183150183150183
8fe8-e3d2-9cd3-12fe-eb93-3426-c0ed-f078,4,20201,gmina miejska,14,miasto,stały,Liceum Ogólnokształcące z Oddziałami Dwujęzycznymi im. Bolesława Chrobrego; ul. Szkolna 5; 58-260 Bielawa,m. Bielawa,dzierżoniowski,dolnośląskie,1092,1167,381,711,0,4,5,5,0,0,0,0,5,716,5,0,716,2,1,1,0,0.279329608938547,0.139664804469274,0.139664804469274,0,99.7206703910615,714,28,45,215,114,0,7,0,1,301,0,3,3.92156862745098,6.30252100840336,30.1120448179272,15.9663865546219,0,0.980392156862745,0,0.140056022408964,42.156862745098,0,0.420168067226891
1e02-3768-b6d5-c385-b776-d3ed-d32f-4502,4,20201,gmina miejska,15,miasto,stały,Miejski Zarząd Budynków Mieszkalnych Sp. z o. o.; ul. 3 Maja 48; 58-260 Bielawa,m. Bielawa,dzierżoniowski,dolnośląskie,1069,1150,450,619,1,7,2,2,0,0,0,0,2,621,2,0,621,0,0,0,0,0,0,0,0,100,621,18,34,242,121,0,14,0,0,188,1,3,2.89855072463768,5.47504025764895,38.9694041867955,19.4847020933977,0,2.25442834138486,0,0,30.2737520128824,0.161030595813205,0.483091787439613
970e-98c9-f7a6-c6b8-8dc4-cfea-5e4e-6bee,4,20201,gmina miejska,16,miasto,stały,Zespół Ośrodków Wsparcia; ul. Lotnicza 5; 58-260 Bielawa,m. Bielawa,dzierżoniowski,dolnośląskie,921,932,414,507,0,2,3,2,0,0,0,0,2,509,2,0,509,0,0,0,0,0,0,0,0,100,509,12,41,213,59,0,6,1,0,176,0,1,2.35756385068762,8.05500982318271,41.8467583497053,11.5913555992141,0,1.17878192534381,0.196463654223969,0,34.5776031434185,0,0.196463654223969
4bed-6fcc-2e6c-a378-e5ec-0715-8c97-dd3c,4,20201,gmina miejska,17,miasto,stały,Szkoła Podstawowa nr 4 z Oddziałami Integracyjnymi; ul. Ludowa 11; 58-260 Bielawa,m. Bielawa,dzierżoniowski,dolnośląskie,894,975,414,480,0,5,2,2,1,0,0,0,1,481,1,0,481,1,0,1,0,0.207900207900208,0,0.207900207900208,0,99.7920997920998,480,5,43,197,97,0,8,0,2,127,0,1,1.04166666666667,8.95833333333333,41.0416666666667,20.2083333333333,0,1.66666666666667,0,0.416666666666667,26.4583333333333,0,0.208333333333333
a77c-f85c-8f0b-02e2-54d8-75c6-d386-d6f0,4,20201,gmina miejska,18,miasto,stały,Szkoła Podstawowa nr 4 z Oddziałami Integracyjnymi; ul. Ludowa 11; 58-260 Bielawa,m. Bielawa,dzierżoniowski,dolnośląskie,1132,1223,503,629,1,1,4,4,0,0,0,0,4,633,4,0,633,0,0,0,0,0,0,0,0,100,633,8,46,247,118,1,4,0,1,208,0,0,1.26382306477093,7.26698262243286,39.0205371248025,18.6413902053712,0.157977883096367,0.631911532385466,0,0.157977883096367,32.8593996840442,0,0
9cda-0c05-e56d-1cca-7238-26f4-c8c1-cdaf,4,20201,gmina miejska,19,miasto,stały,Zespół Szkół Cechu Rzemiosł Różnych Zasadnicza Szkoła Zawodowa Cechu Rzemiosł Różnych i Małej Przedsiębiorczości; ul. Polna 2; 58-260 Bielawa,m. Bielawa,dzierżoniowski,dolnośląskie,1051,1124,447,604,0,6,5,4,0,0,0,0,4,608,4,0,608,2,1,1,0,0.328947368421053,0.164473684210526,0.164473684210526,0,99.6710526315789,606,14,30,253,83,1,6,0,2,217,0,0,2.31023102310231,4.95049504950495,41.7491749174918,13.6963696369637,0.165016501650165,0.99009900990099,0,0.33003300330033,35.8085808580858,0,0
5909-ca0f-3c90-a9c0-8762-418d-f362-dd5c,4,20201,gmina miejska,20,miasto,stały,Szkoła Podstawowa nr 4 z Oddziałami Integracyjnymi; ul. Ludwika Waryńskiego 50; 58-260 Bielawa,m. Bielawa,dzierżoniowski,dolnośląskie,1108,1193,400,708,4,4,4,4,0,0,0,0,4,712,4,0,712,2,1,1,0,0.280898876404494,0.140449438202247,0.140449438202247,0,99.7191011235955,710,12,41,242,112,1,3,4,0,293,1,1,1.69014084507042,5.77464788732394,34.0845070422535,15.7746478873239,0.140845070422535,0.422535211267606,0.563380281690141,0,41.2676056338028,0.140845070422535,0.140845070422535
58af-8838-458b-8152-c219-08c0-08b0-7cc9,4,20201,gmina miejska,21,miasto,stały,Szkoła Podstawowa nr 4 z Oddziałami Integracyjnymi; ul. Ludwika Waryńskiego 50; 58-260 Bielawa,m. Bielawa,dzierżoniowski,dolnośląskie,837,886,375,462,0,3,5,5,0,0,1,0,4,466,4,0,466,1,0,1,0,0.214592274678112,0,0.214592274678112,0,99.7854077253219,465,4,38,207,71,0,5,4,1,133,1,1,0.860215053763441,8.17204301075269,44.5161290322581,15.2688172043011,0,1.0752688172043,0.860215053763441,0.21505376344086,28.6021505376344,0.21505376344086,0.21505376344086
5732-f8e7-f377-07af-b275-cc0b-6124-8748,4,20201,gmina miejska,22,miasto,dom pomocy społecznej,Dom Pomocy Społecznej; Stefana Żeromskiego 2; 58-260 Bielawa,m. Bielawa,dzierżoniowski,dolnośląskie,47,40,30,17,0,0,0,0,0,0,0,0,0,17,0,0,17,0,0,0,0,0,0,0,0,100,17,0,0,16,0,0,0,0,0,0,1,0,0,0,94.1176470588235,0,0,0,0,0,0,5.88235294117647,0
d667-fe47-ba19-e471-2751-0be8-71e8-fdd8,4,20202,gmina miejska,1,miasto,stały,"Pracownicze Ogródki Działkowe ""Jar""; ul. Złota 10; 58-200 Dzierżoniów",m. Dzierżoniów,dzierżoniowski,dolnośląskie,1108,1192,260,848,0,7,12,11,0,0,1,0,10,858,10,0,858,1,1,0,0,0.116550116550117,0.116550116550117,0,0,99.8834498834499,857,24,56,254,109,1,15,0,2,396,0,0,2.80046674445741,6.53442240373396,29.6382730455076,12.7187864644107,0.116686114352392,1.75029171528588,0,0.233372228704784,46.2077012835473,0,0
c339-7389-8ee3-dbc3-fc05-c060-fff9-6f30,4,20202,gmina miejska,2,miasto,stały,Przedszkole Publiczne nr 7; Osiedle Tęczowe 3; 58-200 Dzierżoniów,m. Dzierżoniów,dzierżoniowski,dolnośląskie,1425,1536,361,1064,0,5,15,15,0,0,1,0,14,1078,14,0,1078,2,1,1,0,0.185528756957328,0.092764378478664,0.092764378478664,0,99.8144712430427,1076,29,63,362,162,0,18,0,5,434,1,2,2.69516728624535,5.8550185873606,33.6431226765799,15.0557620817844,0,1.6728624535316,0,0.464684014869888,40.3345724907063,0.092936802973978,0.185873605947955
4673-af1b-d47a-5843-d8b6-9a3e-3473-4f79,4,20202,gmina miejska,3,miasto,stały,dawna siedziba Ośrodka Pomocy Społecznej; ul. Złota 8; 58-200 Dzierżoniów,m. Dzierżoniów,dzierżoniowski,dolnośląskie,936,1018,314,622,0,1,6,6,0,0,0,0,6,628,6,0,628,1,0,1,0,0.159235668789809,0,0.159235668789809,0,99.8407643312102,627,12,50,283,69,1,8,1,0,203,0,0,1.91387559808612,7.97448165869219,45.1355661881978,11.0047846889952,0.159489633173844,1.27591706539075,0.159489633173844,0,32.3763955342903,0,0
c569-f176-7ab0-4373-6482-5832-bda6-cdd2,4,20202,gmina miejska,4,miasto,stały,Szkoła Podstawowa Nr 5 z Oddziałami Integracyjnymi; Osiedle Błękitne 25; 58-200 Dzierżoniów,m. Dzierżoniów,dzierżoniowski,dolnośląskie,926,1003,255,671,0,3,5,5,0,0,0,0,5,676,5,0,676,4,0,4,0,0.591715976331361,0,0.591715976331361,0,99.4082840236687,672,22,21,310,75,1,5,0,1,237,0,0,3.27380952380952,3.125,46.1309523809524,11.1607142857143,0.148809523809524,0.744047619047619,0,0.148809523809524,35.2678571428571,0,0
7697-9a1e-552b-1bf8-7bb8-55a3-bf29-a575,4,20202,gmina miejska,5,miasto,stały,"Przedszkole Niepubliczne nr 3 ""Pod Topolą""; Osiedle Błękitne 26; 58-200 Dzierżoniów",m. Dzierżoniów,dzierżoniowski,dolnośląskie,1074,1210,325,749,0,3,2,2,0,0,0,0,2,751,2,0,751,1,0,1,0,0.133155792276964,0,0.133155792276964,0,99.866844207723,750,17,37,302,103,0,6,1,3,276,3,2,2.26666666666667,4.93333333333333,40.2666666666667,13.7333333333333,0,0.8,0.133333333333333,0.4,36.8,0.4,0.266666666666667
c1fa-305a-39b8-5131-1b37-fd77-32f8-8c3c,4,20202,gmina miejska,6,miasto,stały,Szkoła Podstawowa Nr 5 z Oddziałami Integracyjnymi; Osiedle Błękitne 25; 58-200 Dzierżoniów,m. Dzierżoniów,dzierżoniowski,dolnośląskie,1182,1286,332,850,2,3,7,7,0,0,0,0,7,856,7,0,856,4,0,4,0,0.467289719626168,0,0.467289719626168,0,99.5327102803738,852,15,64,331,105,0,20,0,1,315,0,1,1.76056338028169,7.51173708920188,38.849765258216,12.3239436619718,0,2.34741784037559,0,0.117370892018779,36.9718309859155,0,0.117370892018779
2a3c-6600-2b61-6e21-d99a-90a0-80cb-0183,4,20202,gmina miejska,7,miasto,stały,Szkoła Podstawowa nr 1; ul. Sikorskiego 2; 58-200 Dzierżoniów,m. Dzierżoniów,dzierżoniowski,dolnośląskie,1067,1124,357,710,0,3,6,6,1,0,0,0,5,715,5,0,715,1,0,1,0,0.13986013986014,0,0.13986013986014,0,99.8601398601399,714,11,33,285,80,1,12,0,0,291,0,1,1.5406162464986,4.6218487394958,39.9159663865546,11.2044817927171,0.140056022408964,1.68067226890756,0,0,40.7563025210084,0,0.140056022408964
a36b-5cd1-cd79-4609-a2e2-f80a-2425-3463,4,20202,gmina miejska,8,miasto,stały,Filia Miejsko-Powiatowej Biblioteki Publicznej im. K. K. Baczyńskiego w Dzierżoniowie; ul. Sikorskiego 2; 58-200 Dzierżoniów,m. Dzierżoniów,dzierżoniowski,dolnośląskie,1053,1118,313,740,0,0,3,3,0,0,0,0,3,743,3,0,743,1,0,1,0,0.134589502018843,0,0.134589502018843,0,99.8654104979812,742,18,46,302,95,3,8,1,0,268,1,0,2.42587601078167,6.19946091644205,40.7008086253369,12.8032345013477,0.404312668463612,1.07816711590296,0.134770889487871,0,36.1185983827493,0.134770889487871,0
5c6b-be4a-ed95-0adb-d315-b4ac-5443-8034,4,20202,gmina miejska,9,miasto,stały,Przedszkole Niepubliczne nr 4; Osiedle Jasne 21; 58-200 Dzierżoniów,m. Dzierżoniów,dzierżoniowski,dolnośląskie,1000,1077,281,719,1,0,10,10,0,0,0,0,10,730,10,2,728,2,0,2,0,0.274725274725275,0,0.274725274725275,0,99.7252747252747,726,21,26,263,99,2,11,0,0,304,0,0,2.89256198347107,3.58126721763085,36.2258953168044,13.6363636363636,0.275482093663912,1.51515151515152,0,0,41.8732782369146,0,0
85fa-076f-2da9-27a0-f4b1-61d3-6550-7cde,4,20202,gmina miejska,10,miasto,stały,"Niepubliczny Żłobek ""Sówka""; Osiedle Jasne 22; 58-200 Dzierżoniów",m. Dzierżoniów,dzierżoniowski,dolnośląskie,759,815,204,555,1,2,1,1,0,0,0,0,1,556,1,0,556,1,0,1,0,0.179856115107914,0,0.179856115107914,0,99.8201438848921,555,13,23,231,63,1,10,0,3,209,1,1,2.34234234234234,4.14414414414414,41.6216216216216,11.3513513513514,0.18018018018018,1.8018018018018,0,0.540540540540541,37.6576576576577,0.18018018018018,0.18018018018018
d906-4822-9e72-da55-3f1e-09fc-b490-0fec,4,20202,gmina miejska,11,miasto,stały,Niepubliczna Szkoła Podstawowa Sióstr Salezjanek; ul. Wrocławska 51; 58-200 Dzierżoniów,m. Dzierżoniów,dzierżoniowski,dolnośląskie,1154,1232,279,875,1,3,3,3,0,0,0,0,3,878,3,0,878,4,2,2,0,0.455580865603645,0.227790432801822,0.227790432801822,0,99.5444191343963,874,12,66,276,114,2,14,2,1,381,1,5,1.37299771167048,7.55148741418764,31.5789473684211,13.0434782608696,0.22883295194508,1.60183066361556,0.22883295194508,0.11441647597254,43.5926773455378,0.11441647597254,0.5720823798627
0014-f3ca-d136-70f7-327a-19a7-0de3-857f,4,20202,gmina miejska,12,miasto,stały,budynek Szkoły Podstawowej nr 9 - mała sala gimnastyczna; ul. Kościelna 34; 58-200 Dzierżoniów,m. Dzierżoniów,dzierżoniowski,dolnośląskie,1096,1185,476,620,0,0,7,7,0,0,0,0,7,627,7,0,627,3,1,2,0,0.478468899521531,0.159489633173844,0.318979266347687,0,99.5215311004785,624,15,47,270,72,3,11,2,0,202,2,0,2.40384615384615,7.53205128205128,43.2692307692308,11.5384615384615,0.480769230769231,1.76282051282051,0.320512820512821,0,32.3717948717949,0.320512820512821,0
23ab-b534-fb0e-7398-c8c7-69d8-8068-3c3d,4,20202,gmina miejska,13,miasto,stały,I Liceum Ogólnokształcące im. Jędrzeja Śniadeckiego; ul. Piłsudskiego 10; 58-200 Dzierżoniów,m. Dzierżoniów,dzierżoniowski,dolnośląskie,1053,1147,482,570,0,3,5,5,1,0,0,0,4,575,4,0,575,3,0,3,0,0.521739130434783,0,0.521739130434783,0,99.4782608695652,572,12,45,277,54,3,3,0,0,177,0,1,2.0979020979021,7.86713286713287,48.4265734265734,9.44055944055944,0.524475524475524,0.524475524475524,0,0,30.9440559440559,0,0.174825174825175
3726-c5f1-6a5a-f970-cb2f-bd17-b731-7c7b,4,20202,gmina miejska,14,miasto,stały,Zespół Szkół Nr 3 im. Kombatantów Rzeczypospolitej Polskiej; ul. Słowiańska 6; 58-200 Dzierżoniów,m. Dzierżoniów,dzierżoniowski,dolnośląskie,1107,1241,402,705,0,3,11,11,1,0,1,1,8,713,8,0,713,2,2,0,0,0.280504908835905,0.280504908835905,0,0,99.7194950911641,711,9,37,292,79,0,19,0,2,272,0,1,1.26582278481013,5.20393811533052,41.0689170182841,11.1111111111111,0,2.67229254571027,0,0.281293952180028,38.2559774964838,0,0.140646976090014